as_of_date,category,stock_quantity,days_until_expiry,original_price,candidate_price,discount_pct,recent_7d_velocity,previous_23d_velocity,weekday,observation_count,units_sold_before_expiry
2026-01-01,Produce,6,4,377.24,301.79,20,2.1915,2.966,0,5,6
2026-01-02,Meat,7,14,39.15,31.32,20,0.3721,1.1487,1,20,7
2026-01-03,Dairy,72,23,224.27,134.56,40,0.6905,1.0642,2,25,46.54
2026-01-04,Grocery,38,11,98.85,69.19,30,1.0259,1.2349,3,14,21.23
2026-01-05,Seafood,80,12,150.65,150.65,0,0.8504,0.568,4,20,12.37
2026-01-06,Deli,49,27,299.24,269.32,10,1.1311,1.4483,5,12,48.89
2026-01-07,Bakery,32,28,436.58,283.78,35,1.6435,2.5556,6,9,32
2026-01-08,Produce,12,9,314.34,267.19,15,2.5054,1.5607,0,17,12
2026-01-09,Grocery,74,9,129.32,90.52,30,1.3335,0.5669,1,13,16.79
2026-01-10,Grocery,11,9,125.22,87.65,30,1.0886,1.0821,2,23,11
2026-01-11,Grocery,36,5,91.32,68.49,25,0.9931,0.6827,3,7,5.83
2026-01-12,Meat,14,16,384.0,345.6,10,0.9171,1.2117,4,24,14
2026-01-13,Grocery,11,20,207.76,124.66,40,0.0838,0.8547,5,26,11
2026-01-14,Bakery,71,22,381.67,267.17,30,1.7265,2.2408,6,17,71
2026-01-15,Bakery,36,24,486.65,413.65,15,1.5015,1.7876,0,19,36
2026-01-16,Meat,22,7,202.61,172.22,15,0.5763,0.5444,1,19,4.91
2026-01-17,Bakery,44,20,257.09,231.38,10,2.9678,1.322,2,4,44
2026-01-18,Dairy,75,29,474.8,427.32,10,1.1079,1.4061,3,27,38.18
2026-01-19,Meat,19,25,85.99,51.59,40,1.3185,1.035,4,9,19
2026-01-20,Meat,28,25,363.65,236.37,35,1.009,1.5779,5,17,28
2026-01-21,Meat,18,15,142.76,128.48,10,0.8304,1.474,6,5,18
2026-01-22,Produce,10,21,133.75,133.75,0,2.4899,2.1462,0,10,10
2026-01-23,Deli,65,22,126.76,107.75,15,1.0552,0.4656,1,18,25.6
2026-01-24,Seafood,27,14,69.8,45.37,35,0.7917,0.7307,2,30,22.36
2026-01-25,Produce,15,2,53.79,37.65,30,2.1053,1.7258,3,7,9.15
2026-01-26,Grocery,38,6,244.75,220.28,10,1.405,0.4413,4,20,10.74
2026-01-27,Bakery,72,2,422.11,379.9,10,2.8956,1.3316,5,9,8.45
2026-01-28,Seafood,10,13,103.2,103.2,0,1.2142,1.1111,6,28,10
2026-01-29,Seafood,39,15,225.93,135.56,40,1.0488,1.0872,0,20,33.08
2026-01-30,Bakery,43,24,52.15,31.29,40,1.6381,0.7433,1,8,43
2026-01-31,Bakery,13,17,429.39,386.45,10,1.0187,1.3446,2,21,13
2026-02-01,Dairy,79,19,43.88,39.49,10,1.7642,0.9794,3,19,40.33
2026-02-02,Deli,36,30,122.02,85.41,30,1.2299,1.5605,4,13,36
2026-02-03,Seafood,12,30,29.42,26.48,10,0.6655,1.0675,5,11,12
2026-02-04,Dairy,47,30,443.41,354.73,20,1.2901,1.6928,6,22,47
2026-02-05,Seafood,70,21,28.72,21.54,25,0.4752,1.0148,0,7,19.19
2026-02-06,Deli,16,4,377.65,321.0,15,1.1199,1.6857,1,23,6.98
2026-02-07,Seafood,67,9,257.05,257.05,0,0.6918,1.1371,2,11,8.21
2026-02-08,Bakery,45,1,391.28,293.46,25,2.1588,2.2955,3,6,3.67
2026-02-09,Bakery,22,29,284.16,198.91,30,1.0229,1.5344,4,7,22
2026-02-10,Bakery,49,10,452.02,452.02,0,2.1483,1.58,5,27,22.88
2026-02-11,Meat,55,29,487.57,414.43,15,1.2793,1.3167,6,8,50.13
2026-02-12,Seafood,25,26,443.67,443.67,0,1.2075,1.4543,0,24,25
2026-02-13,Seafood,34,24,151.73,136.56,10,0.5822,0.8439,1,18,20.13
2026-02-14,Dairy,61,7,191.09,152.87,20,1.6306,2.1515,2,5,18.3
2026-02-15,Seafood,47,9,329.7,214.31,35,1.0516,0.6771,3,13,12.15
2026-02-16,Bakery,36,4,109.82,82.36,25,2.6245,1.9732,4,16,18.29
2026-02-17,Meat,17,17,207.97,166.38,20,1.6579,1.0846,5,3,17
2026-02-18,Meat,71,30,351.26,281.01,20,1.0036,1.1947,6,13,45.83
2026-02-19,Produce,18,28,366.88,275.16,25,1.4621,1.1112,0,13,18
2026-02-20,Grocery,40,23,288.35,230.68,20,0.2706,1.3414,1,22,16.62
2026-02-21,Meat,54,10,285.27,285.27,0,0.3539,1.0247,2,28,6.25
2026-02-22,Meat,44,20,245.87,147.52,40,0.8925,0.7475,3,26,36.28
2026-02-23,Dairy,13,22,159.8,111.86,30,0.2187,2.4235,4,10,13
2026-02-24,Produce,31,10,408.12,346.9,15,2.5184,2.0687,5,5,31
2026-02-25,Grocery,76,14,117.36,76.28,35,1.106,0.7758,6,23,25.19
2026-02-26,Produce,16,1,394.75,315.8,20,2.7913,3.3497,0,10,4.34
2026-02-27,Seafood,61,4,88.34,53.0,40,0.8886,0.5029,1,22,2.7
2026-02-28,Deli,59,25,316.01,205.41,35,1.4566,0.8033,2,18,59
2026-03-01,Grocery,34,9,423.93,317.95,25,0.6524,1.0361,3,23,8.44
2026-03-02,Dairy,59,9,61.8,46.35,25,1.5462,1.9052,4,7,30.79
2026-03-03,Dairy,22,13,360.55,324.5,10,1.366,1.153,5,17,22
2026-03-04,Grocery,29,2,420.62,273.4,35,1.3832,0.7763,6,27,3.54
2026-03-05,Meat,64,13,27.8,19.46,30,0.3851,1.0013,0,29,13.45
2026-03-06,Grocery,72,18,404.94,323.95,20,0.7213,1.0177,1,24,18.37
2026-03-07,Produce,54,26,368.99,221.39,40,2.0626,3.4752,2,20,54
2026-03-08,Bakery,53,30,306.15,306.15,0,2.376,2.0876,3,11,53
2026-03-09,Grocery,30,11,240.98,168.69,30,0.8354,1.0206,4,27,16.32
2026-03-10,Seafood,35,14,421.58,252.95,40,1.2893,0.9408,5,23,35
2026-03-11,Bakery,8,25,383.26,306.61,20,1.7997,1.8343,6,7,8
2026-03-12,Dairy,63,5,342.99,274.39,20,1.1057,1.5755,0,26,7.57
2026-03-13,Produce,23,4,483.24,434.92,10,2.7009,0.7856,1,21,9.8
2026-03-14,Produce,51,30,213.41,170.73,20,2.9523,2.4224,2,27,51
2026-03-15,Deli,79,28,407.63,407.63,0,1.0604,0.9817,3,14,31.64
2026-03-16,Bakery,46,17,31.01,20.16,35,1.9306,1.5708,4,29,46
2026-03-17,Grocery,22,23,231.86,173.9,25,0.8787,0.4973,5,27,22
2026-03-18,Grocery,58,15,417.22,312.92,25,0.8847,1.2023,6,17,24.58
2026-03-19,Dairy,62,25,295.68,192.19,35,1.3305,1.2285,0,13,62
2026-03-20,Dairy,30,16,193.54,145.16,25,0.9184,2.2818,1,3,30
2026-03-21,Meat,13,7,139.64,90.77,35,0.8048,0.5454,2,25,9.82
2026-03-22,Grocery,65,21,237.88,237.88,0,1.2066,1.1172,3,21,23.97
2026-03-23,Deli,73,16,277.19,180.17,35,0.8646,1.6551,4,14,38.77
2026-03-24,Produce,37,15,170.65,136.52,20,2.3325,2.2698,5,27,37
2026-03-25,Produce,27,6,127.78,76.67,40,2.5919,1.8673,6,27,27
2026-03-26,Meat,39,20,490.74,392.59,20,0.9956,1.3992,0,7,29.06
2026-03-27,Deli,9,2,287.85,244.67,15,1.8238,0.8102,1,6,2.87
2026-03-28,Seafood,76,1,160.06,96.04,40,0.7128,0.963,2,18,3.12
2026-03-29,Bakery,11,27,215.34,193.81,10,2.2756,1.072,3,7,11
2026-03-30,Dairy,75,26,475.83,428.25,10,1.7634,1.4914,4,28,66.13
2026-03-31,Meat,69,8,205.68,123.41,40,0.5765,0.9711,5,16,15.13
2026-04-01,Deli,10,19,314.57,283.11,10,1.4713,1.1205,6,8,10
2026-04-02,Dairy,73,6,60.66,60.66,0,2.2486,0.9225,0,18,11.83
2026-04-03,Deli,32,2,161.85,121.39,25,1.0655,0.8211,1,28,2.47
2026-04-04,Seafood,78,21,339.06,271.25,20,0.2397,0.5981,2,23,11.73
2026-04-05,Dairy,37,30,417.65,375.88,10,2.3666,1.7922,3,12,37
2026-04-06,Grocery,62,4,352.12,228.88,35,0.633,1.3308,4,18,6.15
2026-04-07,Grocery,79,3,43.93,28.55,35,0.9538,0.5937,5,24,6.1
2026-04-08,Seafood,76,28,303.88,303.88,0,0.9368,1.3033,6,11,29.09
2026-04-09,Meat,25,2,248.49,149.09,40,1.3106,0.9949,0,18,3.07
2026-04-10,Bakery,47,16,218.97,153.28,30,1.3432,1.287,1,13,36.67
2026-04-11,Grocery,66,23,161.9,105.24,35,1.172,0.6507,2,13,38.8
2026-04-12,Bakery,54,25,435.83,435.83,0,1.9533,1.4298,3,16,41.3
2026-04-13,Bakery,69,7,196.85,118.11,40,1.0493,1.1533,4,12,21.39
2026-04-14,Grocery,65,29,82.68,66.14,20,1.4231,0.9353,5,3,58.17
2026-04-15,Meat,14,14,131.73,118.56,10,0.9132,1.1396,6,25,14
2026-04-16,Deli,37,17,222.36,133.42,40,0.7709,1.467,0,20,31.13
2026-04-17,Dairy,27,13,462.89,393.46,15,1.7772,1.2271,1,28,27
2026-04-18,Meat,3,9,159.35,119.51,25,0.7139,1.327,2,24,3
2026-04-19,Grocery,22,28,237.11,142.27,40,0.7504,1.3142,3,13,22
2026-04-20,Seafood,33,7,296.6,237.28,20,0.8064,1.0716,4,13,9.18
2026-04-21,Produce,51,16,208.39,177.13,15,1.8078,2.0048,5,30,47.94
2026-04-22,Bakery,59,28,72.36,43.42,40,1.7879,2.0999,6,30,59
2026-04-23,Produce,12,5,248.01,186.01,25,1.432,2.7827,0,30,12
2026-04-24,Produce,71,28,205.5,143.85,30,0.8943,1.1233,1,18,50.44
2026-04-25,Seafood,7,18,318.29,254.63,20,0.418,0.4536,2,16,7
2026-04-26,Bakery,15,25,235.75,176.81,25,1.7831,1.9361,3,28,15
2026-04-27,Bakery,48,10,203.05,172.59,15,1.8237,2.3562,4,8,33.41
2026-04-28,Bakery,51,20,319.36,255.49,20,1.4389,1.0857,5,10,51
2026-04-29,Grocery,35,21,243.3,243.3,0,1.3152,0.8008,6,5,23.79
2026-04-30,Grocery,78,12,167.1,108.61,35,1.428,0.8786,0,12,22.08
2026-05-01,Dairy,64,13,75.66,49.18,35,0.8823,1.243,1,29,28.56
2026-05-02,Produce,38,13,28.85,28.85,0,1.9731,2.8398,2,29,26.21
2026-05-03,Deli,32,25,313.36,219.35,30,1.2528,1.4294,3,27,32
2026-05-04,Produce,20,22,323.42,323.42,0,3.175,1.7659,4,21,20
2026-05-05,Deli,19,24,67.81,50.86,25,0.9982,1.5306,5,14,19
2026-05-06,Meat,37,17,419.47,314.6,25,1.7445,1.78,6,28,37
2026-05-07,Deli,46,24,407.01,244.21,40,1.4251,1.1542,0,26,46
2026-05-08,Produce,74,13,198.74,129.18,35,1.7099,2.7413,1,17,60.09
2026-05-09,Deli,36,22,302.67,211.87,30,1.4382,1.3654,2,20,36
2026-05-10,Deli,31,30,332.63,199.58,40,1.3366,1.4572,3,16,31
2026-05-11,Bakery,8,5,474.47,355.85,25,2.1129,1.7931,4,15,8
2026-05-12,Grocery,72,12,224.09,190.48,15,1.4327,1.329,5,29,23.08
2026-05-13,Grocery,55,20,471.05,353.29,25,1.3297,1.0589,6,30,30.99
2026-05-14,Deli,50,4,283.62,198.53,30,1.5587,1.4686,0,6,10.74
2026-05-15,Seafood,61,27,68.54,54.83,20,0.6328,0.617,1,10,30.28
2026-05-16,Dairy,75,26,122.47,97.98,20,1.6235,0.7943,2,10,53.92
2026-05-17,Deli,21,25,399.61,399.61,0,0.994,2.2203,3,28,21
2026-05-18,Dairy,6,4,87.61,61.33,30,1.4488,1.5825,4,13,6
2026-05-19,Bakery,36,6,49.89,32.43,35,0.7715,1.6542,5,19,11.69
2026-05-20,Meat,60,4,264.32,264.32,0,1.1993,0.9971,6,24,2.02
2026-05-21,Meat,61,10,330.59,330.59,0,1.5079,1.2405,0,18,10.71
2026-05-22,Produce,59,30,59.91,53.92,10,2.6176,1.8512,1,7,59
2026-05-23,Deli,77,20,285.47,199.83,30,0.7848,1.5304,2,16,34.88
2026-05-24,Bakery,17,26,430.08,344.06,20,2.5182,0.7772,3,16,17
2026-05-25,Deli,61,27,214.4,192.96,10,1.0608,1.4879,4,24,46.26
2026-05-26,Grocery,14,3,420.09,378.08,10,1.8669,0.5491,5,14,7.25
2026-05-27,Seafood,74,5,53.49,37.44,30,0.7439,0.6566,6,16,8.6
2026-05-28,Seafood,9,30,484.99,363.74,25,0.3652,0.6886,0,9,9
2026-05-29,Dairy,64,22,131.52,118.37,10,1.1062,1.9639,1,10,40.58
2026-05-30,Seafood,74,14,487.91,487.91,0,1.0682,0.5937,2,25,11.25
2026-05-31,Deli,26,1,154.8,116.1,25,1.5441,1.0416,3,24,2.55
2026-06-01,Grocery,21,3,376.96,376.96,0,1.1768,1.3093,4,15,4.94
2026-06-02,Grocery,46,15,99.77,74.83,25,0.8924,0.4887,5,4,19.87
2026-06-03,Dairy,9,6,345.14,258.86,25,1.4088,1.0572,6,22,9
2026-06-04,Grocery,37,14,127.4,114.66,10,0.9045,1.1202,0,19,13.91
2026-06-05,Produce,8,10,129.75,129.75,0,1.1551,2.5076,1,9,8
2026-06-06,Seafood,35,5,162.49,146.24,10,1.4216,0.9217,2,25,8.7
2026-06-07,Dairy,74,17,420.84,294.59,30,1.9586,2.305,3,4,70.3
2026-06-08,Grocery,61,1,462.55,323.78,30,0.5939,0.8206,4,6,1.09
2026-06-09,Grocery,44,1,106.64,63.98,40,0.6477,1.3321,5,5,0.37
2026-06-10,Grocery,16,28,140.58,91.38,35,0.6526,0.9548,6,13,16
2026-06-11,Seafood,12,6,267.48,240.73,10,1.1666,0.726,0,27,7.01
2026-06-12,Deli,21,12,137.23,116.65,15,1.1903,1.4221,1,5,21
2026-06-13,Dairy,66,25,245.38,147.23,40,2.226,1.1099,2,23,66
2026-06-14,Produce,44,20,435.52,304.86,30,2.1535,2.1834,3,11,44
2026-06-15,Meat,48,2,265.99,199.49,25,1.2161,1.0113,4,14,4.41
2026-06-16,Seafood,12,10,331.22,298.1,10,0.619,0.6876,5,28,7.11
2026-06-17,Produce,8,29,238.62,190.9,20,2.2066,1.7038,6,7,8
2026-06-18,Bakery,16,15,410.21,287.15,30,2.0628,1.775,0,25,16
2026-06-19,Grocery,70,15,273.31,232.31,15,0.9214,0.5599,1,15,20.12
2026-06-20,Grocery,46,25,347.48,347.48,0,1.1233,0.58,2,24,25.38
2026-06-21,Grocery,35,10,368.77,313.45,15,1.0628,0.8016,3,7,15.45
2026-06-22,Deli,53,10,86.25,77.62,10,1.0507,1.5258,4,24,18.37
2026-06-23,Produce,70,27,69.39,45.1,35,0.7615,1.8851,5,12,70
2026-06-24,Dairy,46,7,475.14,285.08,40,2.3641,3.4417,6,28,42.71
2026-06-25,Bakery,72,17,421.68,421.68,0,2.2363,1.2197,0,22,25.24
2026-06-26,Dairy,51,20,98.27,83.53,15,1.941,0.826,1,17,48.06
2026-06-27,Bakery,49,14,346.27,277.02,20,1.4468,2.5281,2,27,40.23
2026-06-28,Produce,60,26,136.15,108.92,20,1.5353,3.0158,3,14,60
2026-06-29,Produce,59,19,244.3,183.23,25,2.2571,2.1247,4,16,59
2026-06-30,Dairy,28,27,405.6,344.76,15,1.62,1.3945,5,6,28
2026-07-01,Produce,69,28,429.3,321.98,25,2.082,2.3066,6,17,69
2026-07-02,Meat,58,5,68.56,54.85,20,1.4256,0.4735,0,15,9.46
2026-07-03,Meat,33,12,208.43,187.59,10,0.9314,1.0442,1,6,14.8
2026-07-04,Seafood,45,23,400.91,340.77,15,1.5832,1.0437,2,27,38.41
2026-07-05,Produce,60,16,317.29,285.56,10,2.2273,2.4152,3,7,50.3
2026-07-06,Meat,80,24,275.69,248.12,10,1.1464,0.8602,4,23,38.56
2026-07-07,Seafood,61,20,54.83,32.9,40,1.0611,0.8596,5,19,45.83
2026-07-08,Meat,21,8,163.35,163.35,0,0.8855,0.9383,6,5,5.31
2026-07-09,Meat,11,12,477.87,477.87,0,1.3848,0.8127,0,23,11
2026-07-10,Grocery,35,12,379.98,265.99,30,1.0771,0.7322,1,27,19.17
2026-07-11,Meat,45,24,88.37,61.86,30,0.5615,0.5203,2,8,21.72
2026-07-12,Seafood,62,25,490.89,294.53,40,0.5107,0.5368,3,17,30.37
2026-07-13,Bakery,28,10,45.81,36.65,20,2.221,2.1543,4,12,28
2026-07-14,Meat,72,13,249.86,249.86,0,1.1052,0.8851,5,30,13.24
2026-07-15,Produce,37,11,84.13,58.89,30,2.9544,1.4405,6,17,37
2026-07-16,Grocery,26,11,260.7,156.42,40,0.5796,1.3968,0,16,15.29
2026-07-17,Bakery,80,14,497.67,423.02,15,2.0602,1.3439,1,5,38.46
2026-07-18,Deli,40,22,170.59,110.88,35,1.4276,1.5377,2,14,40
2026-07-19,Meat,38,14,328.75,328.75,0,1.3023,1.5188,3,14,20.64
2026-07-20,Meat,23,26,477.57,405.93,15,1.4368,0.6956,4,10,23
2026-07-21,Seafood,49,21,197.02,197.02,0,0.962,0.5785,5,14,18.33
2026-07-22,Deli,12,15,297.61,208.33,30,0.7124,1.5116,6,26,12
2026-07-23,Dairy,69,16,208.82,187.94,10,1.7576,1.4742,0,17,34.53
2026-07-24,Dairy,39,20,354.64,212.78,40,1.5873,1.7312,1,25,39
2026-07-25,Grocery,43,3,342.22,308.0,10,1.0967,0.7637,2,12,3.4
2026-07-26,Seafood,25,6,402.01,321.61,20,1.0526,1.0249,3,3,11.32
2026-07-27,Deli,76,18,200.23,170.2,15,1.7687,1.0834,4,12,44.84
2026-07-28,Grocery,64,23,274.71,178.56,35,1.0609,0.8948,5,17,52.84
2026-07-29,Grocery,69,22,188.64,160.34,15,0.9133,1.0176,6,19,26.07
2026-07-30,Seafood,18,2,271.1,203.33,25,1.0421,1.1049,0,19,2.94
2026-07-31,Deli,13,28,144.04,108.03,25,0.8255,1.416,1,20,13
2026-08-01,Bakery,24,17,306.11,260.19,15,2.2189,2.465,2,21,24
2026-08-02,Bakery,6,27,63.58,47.69,25,1.4697,1.2636,3,16,6
2026-08-03,Meat,6,21,261.57,196.18,25,0.8949,0.8822,4,15,6
2026-08-04,Deli,12,15,352.09,299.28,15,1.9619,0.8152,5,9,12
2026-08-05,Deli,21,20,173.48,121.44,30,1.1173,0.4886,6,14,21
2026-08-06,Meat,16,18,176.58,105.95,40,1.0686,1.3589,0,7,16
2026-08-07,Bakery,40,2,474.06,308.14,35,1.8137,2.8812,1,21,10.05
2026-08-08,Produce,27,11,387.48,232.49,40,2.5258,2.6727,2,12,27
2026-08-09,Grocery,14,1,473.99,284.39,40,1.2383,0.9566,3,18,2.02
2026-08-10,Meat,63,29,160.73,160.73,0,1.199,1.3009,4,11,37.88
2026-08-11,Produce,54,12,198.82,129.23,35,2.8532,2.2435,5,15,54
2026-08-12,Meat,73,15,157.87,142.08,10,1.3416,1.2028,6,14,25.31
2026-08-13,Seafood,74,11,471.0,400.35,15,1.0182,1.2057,0,7,14.25
2026-08-14,Produce,63,11,271.68,230.93,15,1.9999,1.4328,1,13,29.19
2026-08-15,Meat,23,11,211.65,158.74,25,0.7191,0.8819,2,21,11.31
2026-08-16,Deli,5,16,199.97,179.97,10,1.1703,1.6728,3,28,5
2026-08-17,Produce,6,28,308.53,231.4,25,3.1974,1.7846,4,26,6
2026-08-18,Bakery,64,19,105.99,68.89,35,0.984,2.2888,5,4,64
2026-08-19,Meat,17,23,115.62,69.37,40,1.014,1.2742,6,27,17
2026-08-20,Meat,63,30,439.59,439.59,0,0.7316,0.9905,0,20,19.18
2026-08-21,Deli,64,22,274.6,192.22,30,1.6489,1.0926,1,24,54.24
2026-08-22,Seafood,36,28,314.79,251.83,20,0.8182,1.1106,2,12,36
2026-08-23,Dairy,39,10,359.83,215.9,40,1.3012,1.8804,3,11,37.28
2026-08-24,Deli,76,4,346.4,225.16,35,0.8973,1.486,4,14,8.47
2026-08-25,Seafood,21,26,162.97,122.23,25,1.0228,0.8696,5,26,21
2026-08-26,Grocery,28,7,418.28,313.71,25,0.765,1.4227,6,7,9.19
2026-08-27,Bakery,78,20,138.66,138.66,0,1.4258,1.218,0,16,24.58
2026-08-28,Deli,63,23,72.76,61.85,15,1.0949,1.6549,1,8,40.59
2026-01-01,Grocery,63,21,251.79,201.43,20,1.0107,0.7533,2,27,28.16
2026-01-02,Bakery,76,21,135.3,135.3,0,2.0146,2.0864,3,29,41.57
2026-01-03,Dairy,7,30,498.66,324.13,35,1.5796,1.2192,4,12,7
2026-01-04,Bakery,41,1,294.78,265.3,10,0.5219,2.2394,5,17,1.28
2026-01-05,Produce,70,18,259.61,220.67,15,2.4665,1.4573,6,8,61.87
2026-01-06,Produce,35,15,366.33,366.33,0,2.3204,1.9109,0,21,25.09
2026-01-07,Produce,27,25,108.36,70.43,35,2.3918,1.3608,1,8,27
2026-01-08,Dairy,44,16,469.52,469.52,0,1.9049,1.4777,2,27,30.71
2026-01-09,Deli,41,11,301.67,301.67,0,1.1712,1.539,3,17,14.28
2026-01-10,Deli,54,6,350.88,263.16,25,1.8212,1.0118,4,12,15.29
2026-01-11,Deli,31,20,129.09,109.73,15,0.7416,1.2542,5,25,31
2026-01-12,Meat,63,30,384.74,307.79,20,1.0739,1.1371,6,22,43.32
2026-01-13,Seafood,13,26,274.62,192.23,30,1.2581,1.064,0,19,13
2026-01-14,Dairy,71,19,96.18,67.33,30,1.7502,1.7966,1,24,59.9
2026-01-15,Dairy,77,23,257.19,154.31,40,1.708,1.0386,2,4,71.63
2026-01-16,Meat,42,15,368.56,239.56,35,1.0646,1.0993,3,9,30.45
2026-01-17,Meat,8,3,226.26,203.63,10,0.9688,1.0702,4,18,6.93
2026-01-18,Bakery,55,10,110.49,93.92,15,0.6633,1.9484,5,23,11.38
2026-01-19,Grocery,51,12,238.06,154.74,35,0.6235,1.3201,6,23,15.88
2026-01-20,Seafood,18,12,109.77,71.35,35,0.5665,0.4715,0,10,10.64
2026-01-21,Seafood,5,1,489.78,293.87,40,0.7174,0.5998,1,10,0.19
2026-01-22,Grocery,22,12,155.93,140.34,10,0.8701,1.4318,2,22,15.67
2026-01-23,Seafood,5,30,139.32,125.39,10,0.9663,0.9418,3,4,5
2026-01-24,Dairy,8,24,216.08,172.86,20,1.0282,0.7693,4,27,8
2026-01-25,Bakery,67,5,496.9,397.52,20,2.2104,0.998,5,24,16.75
2026-01-26,Seafood,33,11,168.34,143.09,15,1.286,1.2264,6,16,18.94
2026-01-27,Deli,10,9,289.44,246.02,15,0.8884,0.9296,0,23,5.71
2026-01-28,Produce,70,13,176.4,114.66,35,2.0516,1.5752,1,8,59.14
2026-01-29,Seafood,63,18,139.46,111.57,20,0.7452,1.3021,2,20,26.4
2026-01-30,Grocery,74,14,276.75,179.89,35,0.2705,1.0091,3,23,13.1
2026-01-31,Bakery,60,30,427.39,384.65,10,0.6448,1.5745,4,22,45.12
2026-02-01,Meat,12,2,114.38,91.5,20,1.2192,0.4396,5,13,3.72
2026-02-02,Deli,4,30,125.61,100.49,20,1.4039,1.1576,6,10,4
2026-02-03,Produce,29,20,213.4,170.72,20,1.9979,1.0179,0,15,29
2026-02-04,Grocery,48,18,171.5,120.05,30,0.5909,0.9717,1,18,26.61
2026-02-05,Seafood,43,27,459.31,321.52,30,1.4161,0.8682,2,30,43
2026-02-06,Dairy,21,24,32.7,21.26,35,1.4028,1.7855,3,10,21
2026-02-07,Grocery,46,18,147.23,88.34,40,1.451,1.4203,4,18,46
2026-02-08,Grocery,48,6,105.4,63.24,40,1.2957,1.5762,5,19,23.65
2026-02-09,Bakery,12,27,473.96,473.96,0,1.7039,1.8501,6,29,12
2026-02-10,Produce,11,8,360.91,360.91,0,2.1508,2.6493,0,22,11
2026-02-11,Grocery,65,22,32.47,21.11,35,1.1849,1.3673,1,11,48.48
2026-02-12,Meat,5,10,263.55,171.31,35,1.3919,0.4208,2,7,5
2026-02-13,Dairy,70,7,144.9,101.43,30,1.6472,1.4508,3,14,23.71
2026-02-14,Grocery,75,15,140.52,112.42,20,0.7971,1.5354,4,23,32.37
2026-02-15,Seafood,14,2,217.51,141.38,35,1.3729,0.8132,5,3,5.11
2026-02-16,Produce,13,6,262.43,170.58,35,1.6148,1.5749,6,19,13
2026-02-17,Bakery,30,8,453.1,271.86,40,1.5586,1.6379,0,24,30
2026-02-18,Deli,72,29,292.67,292.67,0,1.5516,1.8338,1,7,49.85
2026-02-19,Seafood,53,27,466.22,349.67,25,0.9211,1.0047,2,29,43.68
2026-02-20,Seafood,72,13,182.57,155.18,15,1.0212,0.5005,3,14,18.82
2026-02-21,Bakery,58,4,135.27,121.74,10,2.293,1.3018,4,22,15.22
2026-02-22,Grocery,44,25,39.07,29.3,25,1.0801,0.679,5,15,43.76
2026-02-23,Grocery,77,6,338.82,304.94,10,1.44,1.0349,6,10,8.29
2026-02-24,Produce,13,3,152.29,98.99,35,1.7634,1.174,0,6,10.02
2026-02-25,Bakery,42,1,236.25,177.19,25,1.2514,1.9848,1,16,2.93
2026-02-26,Grocery,74,18,268.41,241.57,10,1.3227,1.0461,2,13,30.58
2026-02-27,Seafood,4,13,163.63,106.36,35,1.1348,0.9791,3,20,4
2026-02-28,Dairy,69,19,105.55,68.61,35,1.7013,1.8116,4,8,69
2026-03-01,Grocery,56,9,167.38,150.64,10,1.1953,0.5366,5,26,16.38
2026-03-02,Produce,79,16,317.92,190.75,40,2.4669,2.3185,6,22,79
2026-03-03,Grocery,45,26,234.11,152.17,35,0.9006,1.2377,0,22,35.64
2026-03-04,Dairy,44,10,311.53,249.22,20,1.1745,1.537,1,26,18.67
2026-03-05,Produce,65,21,484.69,387.75,20,2.3662,1.7767,2,28,65
2026-03-06,Grocery,17,12,467.73,374.18,20,0.6321,0.7937,3,26,10.72
2026-03-07,Grocery,29,23,233.27,174.95,25,0.5977,1.0555,4,30,28.77
2026-03-08,Seafood,55,26,344.66,292.96,15,0.7431,0.7506,5,28,28.02
2026-03-09,Grocery,60,3,495.58,297.35,40,0.5341,0.6775,6,30,2.63
2026-03-10,Produce,72,14,42.46,29.72,30,1.6169,0.9528,0,6,32.57
2026-03-11,Seafood,48,8,104.01,104.01,0,0.5117,0.5417,1,23,3.54
2026-03-12,Grocery,45,25,483.72,314.42,35,1.1254,1.0844,2,20,45
2026-03-13,Meat,76,23,129.99,90.99,30,1.7283,0.66,3,21,62.06
2026-03-14,Produce,22,17,188.86,188.86,0,1.4176,2.0542,4,29,22
2026-03-15,Produce,47,5,173.15,103.89,40,1.858,2.1556,5,14,24.25
2026-03-16,Grocery,59,4,367.95,220.77,40,0.8759,1.2301,6,30,7.6
2026-03-17,Deli,16,21,346.64,294.64,15,1.007,1.7349,0,19,16
2026-03-18,Dairy,23,18,182.22,118.44,35,1.8684,1.4157,1,23,23
2026-03-19,Produce,53,14,38.87,31.1,20,2.2511,1.3959,2,3,50.28
2026-03-20,Produce,29,7,157.21,141.49,10,0.8904,1.4976,3,9,8.54
2026-03-21,Grocery,36,4,343.58,206.15,40,0.9233,0.5782,4,22,6.79
2026-03-22,Grocery,53,20,303.83,212.68,30,0.7685,1.2661,5,28,36.93
2026-03-23,Deli,78,30,65.26,55.47,15,1.7555,1.0972,6,6,69.27
2026-03-24,Dairy,21,12,267.64,173.97,35,0.9356,1.1649,0,20,19.95
2026-03-25,Produce,25,30,288.58,173.15,40,2.3759,1.9067,1,29,25
2026-03-26,Grocery,9,20,436.12,436.12,0,0.7705,1.0191,2,23,9
2026-03-27,Grocery,65,14,222.42,133.45,40,1.2995,0.8757,3,3,31.17
2026-03-28,Seafood,31,25,163.74,122.81,25,0.9409,1.1201,4,27,31
2026-03-29,Seafood,73,16,267.63,240.87,10,0.5008,0.8621,5,14,16.39
2026-03-30,Meat,8,27,386.0,231.6,40,0.05,0.8131,6,27,8
2026-03-31,Dairy,7,10,238.62,167.03,30,2.0931,1.6244,0,30,7
2026-04-01,Bakery,33,25,124.69,87.28,30,2.3557,1.2319,1,28,33
2026-04-02,Dairy,29,27,407.58,285.31,30,1.8169,0.9059,2,8,29
2026-04-03,Deli,40,23,162.43,121.82,25,1.6824,1.0725,3,7,40
2026-04-04,Seafood,55,26,461.42,346.06,25,0.5602,0.9944,4,30,31.9
2026-04-05,Dairy,21,8,362.91,290.33,20,1.5568,0.8259,5,11,16.69
2026-04-06,Produce,51,14,239.7,215.73,10,2.0608,1.1816,6,25,37.9
2026-04-07,Deli,65,15,180.46,180.46,0,1.7532,0.6881,0,23,25.58
2026-04-08,Produce,48,23,428.8,278.72,35,3.0348,2.1276,1,9,48
2026-04-09,Grocery,44,9,418.46,292.92,30,0.823,0.9535,2,24,14.93
2026-04-10,Seafood,8,2,72.3,43.38,40,0.4559,1.5185,3,8,3.24
2026-04-11,Grocery,3,15,496.12,322.48,35,1.1578,1.4378,4,8,3
2026-04-12,Seafood,38,30,69.34,48.54,30,1.2365,0.8994,5,23,38
2026-04-13,Dairy,53,2,322.16,257.73,20,1.2927,1.5847,6,5,5.06
2026-04-14,Dairy,31,19,271.74,163.04,40,1.7048,2.1929,0,29,31
2026-04-15,Bakery,57,28,354.66,212.8,40,2.3589,2.0285,1,13,57
2026-04-16,Deli,41,29,90.14,76.62,15,1.0062,0.8591,2,5,35.29
2026-04-17,Meat,4,19,314.9,267.66,15,0.5267,1.2942,3,16,4
2026-04-18,Meat,59,22,433.48,390.13,10,0.941,1.2443,4,6,31.4
2026-04-19,Meat,52,24,191.98,124.79,35,1.0167,1.2665,5,20,52
2026-04-20,Meat,80,20,160.34,160.34,0,1.2592,1.3791,6,12,22.51
2026-04-21,Dairy,80,17,267.02,173.56,35,1.4504,1.6446,0,18,55.86
2026-04-22,Grocery,33,4,262.3,236.07,10,0.4791,0.1857,1,14,1.56
2026-04-23,Deli,52,5,433.89,282.03,35,0.7778,1.6084,2,27,10.17
2026-04-24,Bakery,78,1,57.08,42.81,25,0.2391,2.0609,3,28,2.82
2026-04-25,Grocery,39,17,323.57,210.32,35,0.6851,1.1406,4,7,25.82
2026-04-26,Deli,42,3,62.54,50.03,20,0.7969,1.4065,5,13,5.02
2026-04-27,Grocery,11,19,172.33,112.01,35,0.9149,0.4238,6,16,11
2026-04-28,Bakery,80,15,51.14,43.47,15,1.8952,2.4196,0,25,46.39
2026-04-29,Bakery,66,6,477.68,358.26,25,1.9636,2.0439,1,6,22.44
2026-04-30,Seafood,6,29,184.13,119.68,35,0.6555,0.8865,2,25,6
2026-05-01,Meat,12,21,260.67,182.47,30,1.8168,1.3231,3,27,12
2026-05-02,Bakery,76,29,345.21,310.69,10,2.1195,1.8871,4,4,76
2026-05-03,Seafood,4,28,141.16,84.7,40,0.435,1.358,5,4,4
2026-05-04,Meat,56,26,131.64,105.31,20,1.9823,0.6445,6,11,56
2026-05-05,Seafood,76,3,202.08,202.08,0,1.1444,1.3404,0,5,5.78
2026-05-06,Grocery,39,28,392.43,294.32,25,0.8988,0.8223,1,3,39
2026-05-07,Deli,40,7,292.81,219.61,25,1.1795,0.9322,2,27,9.43
2026-05-08,Seafood,72,7,386.23,308.98,20,1.5198,1.2666,3,3,19.25
2026-05-09,Dairy,47,18,327.07,327.07,0,1.5271,1.4926,4,26,28.11
2026-05-10,Deli,29,4,276.66,221.33,20,0.518,0.3963,5,7,4.68
2026-05-11,Produce,14,9,45.85,36.68,20,2.6773,1.5629,6,26,14
2026-05-12,Bakery,15,19,265.08,172.3,35,1.2206,2.4236,0,16,15
2026-05-13,Produce,33,5,163.55,114.48,30,2.6252,1.7313,1,17,26.26
2026-05-14,Deli,12,8,473.19,402.21,15,0.8751,1.2892,2,7,8.75
2026-05-15,Bakery,60,6,246.38,160.15,35,2.2307,2.1499,3,17,29.43
2026-05-16,Deli,18,28,67.95,50.96,25,0.7432,1.4568,4,4,18
2026-05-17,Dairy,44,27,95.45,76.36,20,2.017,1.4108,5,29,44
2026-05-18,Dairy,54,1,430.94,344.75,20,1.6339,1.6728,6,28,2.86
2026-05-19,Dairy,4,4,54.29,43.43,20,2.1663,2.1137,0,23,4
2026-05-20,Bakery,78,19,147.94,133.15,10,2.4392,1.9953,1,23,59.15
2026-05-21,Grocery,19,26,68.69,48.08,30,1.6002,1.4987,2,16,19
2026-05-22,Seafood,53,24,260.66,169.43,35,1.1238,0.8322,3,9,44.78
2026-05-23,Dairy,38,9,236.86,201.33,15,2.2123,1.6351,4,16,30.84
2026-05-24,Meat,10,16,66.67,43.34,35,1.4219,1.2432,5,28,10
2026-05-25,Meat,72,8,402.55,261.66,35,1.1723,0.795,6,21,13.57
2026-05-26,Meat,52,11,153.46,153.46,0,0.9776,1.0027,0,28,11.07
2026-05-27,Seafood,10,9,409.11,245.47,40,0.3716,0.8153,1,6,10
2026-05-28,Dairy,33,22,151.6,151.6,0,1.4965,1.5964,2,21,25.83
2026-05-29,Seafood,52,26,193.53,164.5,15,1.089,1.2235,3,21,42.15
2026-05-30,Bakery,48,23,475.09,403.83,15,0.8857,1.4783,4,28,41.11
2026-05-31,Grocery,42,18,108.39,108.39,0,1.2148,1.1173,5,3,25.23
2026-06-01,Deli,28,30,408.06,285.64,30,1.7037,1.0336,6,30,28
2026-06-02,Seafood,10,11,35.41,30.1,15,0.993,0.3834,0,14,10
2026-06-03,Produce,53,22,303.36,212.35,30,0.6333,1.8961,1,8,47.72
2026-06-04,Produce,65,14,333.36,283.36,15,1.7609,1.2568,2,14,38.73
2026-06-05,Dairy,78,22,411.87,267.72,35,1.037,1.2598,3,7,55.13
2026-06-06,Dairy,3,24,475.67,309.19,35,2.0332,0.8772,4,13,3
2026-06-07,Seafood,31,20,328.83,295.95,10,0.8178,1.037,5,26,24.69
2026-06-08,Bakery,47,8,491.63,417.89,15,0.7389,0.7527,6,26,10.04
2026-06-09,Deli,4,15,150.98,120.78,20,0.6369,1.0831,0,28,4
2026-06-10,Bakery,3,24,47.87,28.72,40,1.6186,0.3845,1,15,3
2026-06-11,Deli,51,18,73.18,43.91,40,0.8752,1.314,2,27,33.08
2026-06-12,Produce,23,8,239.36,239.36,0,1.8292,2.5049,3,8,16.98
2026-06-13,Grocery,12,6,284.85,256.37,10,0.9589,0.5426,4,18,10.71
2026-06-14,Produce,58,1,472.66,401.76,15,1.4164,1.6002,5,9,3.38
2026-06-15,Grocery,73,23,367.97,275.98,25,1.1036,0.8657,6,6,34.59
2026-06-16,Bakery,76,13,286.09,171.65,40,2.1394,2.22,0,24,57.8
2026-06-17,Produce,64,20,119.85,119.85,0,2.2569,2.2286,1,5,50.05
2026-06-18,Grocery,17,28,171.47,111.46,35,0.2694,1.1156,2,15,17
2026-06-19,Dairy,51,12,200.47,120.28,40,2.249,1.9655,3,11,51
2026-06-20,Dairy,37,27,293.02,249.07,15,1.5109,0.8323,4,20,37
2026-06-21,Grocery,78,25,133.07,133.07,0,1.1648,1.2993,5,16,29.54
2026-06-22,Meat,63,22,297.04,237.63,20,0.9456,1.1199,6,19,36.9
2026-06-23,Meat,69,29,405.21,344.43,15,0.7504,1.5041,0,8,39.04
2026-06-24,Dairy,27,7,84.94,55.21,35,2.2014,1.8225,1,7,27
2026-06-25,Seafood,36,20,176.88,159.19,10,1.4593,1.194,2,20,36
2026-06-26,Deli,38,28,271.85,271.85,0,1.3336,0.7103,3,16,29.22
2026-06-27,Dairy,75,5,304.27,273.84,10,1.4226,2.0156,4,6,10.77
2026-06-28,Seafood,71,10,443.06,287.99,35,0.8592,1.2922,5,8,18.57
2026-06-29,Deli,21,13,318.67,207.14,35,0.9921,1.9334,6,13,21
2026-06-30,Produce,9,8,379.23,284.42,25,2.1129,1.9269,0,11,9
2026-07-01,Seafood,15,16,486.94,389.55,20,0.656,1.3851,1,17,15
2026-07-02,Seafood,44,27,152.97,99.43,35,0.7923,0.8284,2,16,33.38
2026-07-03,Produce,69,16,436.91,436.91,0,2.5545,1.6486,3,12,36.63
2026-07-04,Produce,54,17,89.43,89.43,0,2.6584,3.0862,4,4,54
2026-07-05,Grocery,49,2,359.7,269.77,25,1.1149,0.7731,5,15,4.5
2026-07-06,Produce,18,30,348.56,278.85,20,1.346,2.5787,6,21,18
2026-07-07,Meat,47,12,102.67,77.0,25,1.7992,1.0967,0,12,24.24
2026-07-08,Bakery,9,13,102.38,81.9,20,2.367,1.1903,1,16,9
2026-07-09,Meat,4,1,250.2,212.67,15,0.8261,0.8311,2,3,0.49
2026-07-10,Dairy,80,9,407.42,305.56,25,1.3085,0.8119,3,30,17.62
2026-07-11,Deli,35,15,128.65,96.49,25,2.0813,0.9035,4,15,35
2026-07-12,Meat,3,4,267.97,187.58,30,0.6213,0.9332,5,18,3
2026-07-13,Bakery,38,11,329.28,246.96,25,2.7367,1.7404,6,23,38
2026-07-14,Deli,22,7,270.71,216.57,20,1.8139,0.8161,0,24,16.16
2026-07-15,Deli,20,22,367.61,220.57,40,0.6619,1.479,1,16,20
2026-07-16,Grocery,7,13,301.94,241.55,20,0.6943,1.3953,2,18,7
2026-07-17,Produce,67,12,167.59,142.45,15,1.0805,2.6617,3,8,23.37
2026-07-18,Deli,63,4,85.77,64.33,25,1.1165,0.7449,4,13,10.98
2026-07-19,Produce,31,3,193.76,145.32,25,1.1148,0.9006,5,14,8.46
2026-07-20,Deli,40,19,245.29,220.76,10,0.3717,1.333,6,5,10.97
2026-07-21,Grocery,27,29,262.73,170.77,35,0.5783,0.6957,0,30,27
2026-07-22,Seafood,20,5,496.37,347.46,30,0.5559,1.0893,1,13,7.43
2026-07-23,Seafood,26,23,395.0,237.0,40,0.7071,0.5064,2,13,26
2026-07-24,Produce,3,2,239.73,191.78,20,2.0299,1.6363,3,27,3
2026-07-25,Seafood,19,3,316.88,205.97,35,0.5362,0.325,4,15,4.51
2026-07-26,Bakery,71,2,119.72,83.8,30,3.0643,1.4484,5,3,12.24
2026-07-27,Produce,34,1,132.48,92.74,30,1.1394,1.8938,6,19,3.25
2026-07-28,Meat,24,10,56.01,56.01,0,1.0048,1.3611,0,13,9.83
2026-07-29,Grocery,20,29,187.8,112.68,40,0.5331,0.8771,1,28,20
2026-07-30,Grocery,32,1,131.55,111.82,15,1.0178,1.0613,2,25,1.04
2026-07-31,Produce,7,26,203.22,152.41,25,1.9896,2.1116,3,22,7
2026-08-01,Bakery,16,22,335.44,335.44,0,2.0983,1.88,4,11,16
2026-08-02,Grocery,22,23,122.61,122.61,0,1.0616,0.8606,5,24,22
2026-08-03,Meat,80,9,357.85,232.6,35,1.188,0.9642,6,6,18.76
2026-08-04,Seafood,66,4,119.36,95.49,20,0.7454,0.9891,0,9,2.33
2026-08-05,Deli,55,23,165.29,165.29,0,0.3194,0.9645,1,10,10.69
2026-08-06,Bakery,14,1,455.77,273.46,40,1.1325,1.9389,2,19,3.55
2026-08-07,Bakery,15,24,454.77,363.82,20,0.1302,2.1988,3,29,15
2026-08-08,Dairy,8,28,429.82,300.87,30,1.6676,1.6241,4,26,8
2026-08-09,Bakery,8,4,29.59,25.15,15,1.6005,1.5175,5,22,8
2026-08-10,Deli,14,29,202.0,141.4,30,1.5517,1.3492,6,17,14
2026-08-11,Deli,52,27,352.7,211.62,40,1.3874,0.7046,0,25,52
2026-08-12,Produce,23,2,74.26,44.56,40,1.6719,2.2915,1,8,6.78
2026-08-13,Meat,48,13,315.4,268.09,15,0.657,1.1405,2,5,15.86
2026-08-14,Deli,43,21,30.87,24.7,20,0.9062,1.7308,3,13,36.08
2026-08-15,Meat,15,17,230.6,184.48,20,0.5353,1.1552,4,29,15
2026-08-16,Meat,9,29,30.53,25.95,15,0.9305,0.7288,5,18,9
2026-08-17,Seafood,12,6,381.93,267.35,30,0.9477,1.6143,6,23,12
2026-08-18,Grocery,33,13,62.44,37.46,40,1.0773,1.1035,0,30,21.58
2026-08-19,Grocery,43,15,81.39,48.83,40,0.998,0.9432,1,20,27.07
2026-08-20,Bakery,14,27,401.1,300.83,25,1.897,2.3352,2,23,14
2026-08-21,Produce,46,15,197.59,197.59,0,2.5485,0.9426,3,22,28.89
2026-08-22,Grocery,49,23,365.06,328.55,10,1.5202,1.3601,4,3,49
2026-08-23,Deli,40,12,285.15,199.6,30,1.1619,1.0947,5,25,29.38
2026-08-24,Produce,55,24,75.81,60.65,20,2.3304,2.5295,6,15,55
2026-08-25,Dairy,27,15,365.47,328.92,10,1.5073,1.3613,0,6,23.49
2026-08-26,Seafood,60,29,242.26,205.92,15,0.5506,0.9245,1,26,26.07
2026-08-27,Bakery,58,18,423.44,254.06,40,2.7764,1.3694,2,8,58
2026-08-28,Produce,19,27,74.19,51.93,30,1.4255,1.4089,3,22,19
2026-01-01,Produce,34,25,154.96,108.47,30,2.7556,1.8785,4,25,34
2026-01-02,Produce,41,17,425.46,297.82,30,2.5369,1.6667,5,23,41
2026-01-03,Dairy,29,7,321.48,241.11,25,1.041,0.565,6,8,13.06
2026-01-04,Meat,44,18,362.42,253.69,30,1.5487,0.6966,0,24,36.26
2026-01-05,Produce,71,14,160.82,104.53,35,2.305,1.3187,1,24,67.64
2026-01-06,Bakery,37,7,381.34,324.14,15,1.8558,2.6146,2,7,21.46
2026-01-07,Seafood,40,2,121.9,121.9,0,0.6818,1.1299,3,20,0.83
2026-01-08,Seafood,74,8,209.72,157.29,25,0.585,0.8706,4,15,9.44
2026-01-09,Grocery,43,14,483.77,483.77,0,1.2654,1.0186,5,30,16.2
2026-01-10,Grocery,31,27,457.96,320.57,30,0.5809,1.0121,6,22,27.57
2026-01-11,Dairy,27,25,164.73,140.02,15,1.7054,1.4816,0,6,27
2026-01-12,Grocery,57,2,157.58,118.19,25,0.8667,1.2719,1,11,3.96
2026-01-13,Bakery,62,11,362.1,307.79,15,3.2022,2.1081,2,23,42.71
2026-01-14,Meat,41,27,258.01,180.61,30,0.7205,1.5642,3,19,41
2026-01-15,Dairy,69,6,57.38,48.77,15,0.9373,1.7815,4,9,12.86
2026-01-16,Produce,45,11,196.38,157.1,20,2.2703,2.7925,5,18,45
2026-01-17,Meat,4,27,79.49,55.64,30,0.3137,1.3394,6,4,4
2026-01-18,Produce,44,29,206.15,185.53,10,1.361,1.4362,0,12,44
2026-01-19,Bakery,69,30,415.5,290.85,30,1.0519,1.7422,1,23,69
2026-01-20,Dairy,68,11,64.11,57.7,10,1.5365,2.0585,2,20,29.92
2026-01-21,Meat,11,1,125.12,100.1,20,1.3674,0.8398,3,25,2.56
2026-01-22,Produce,58,25,332.12,298.91,10,2.5283,1.9932,4,17,58
2026-01-23,Produce,7,11,66.57,66.57,0,2.2331,2.4111,5,11,7
2026-01-24,Grocery,60,13,324.35,210.83,35,1.2783,0.8792,6,6,29.43
2026-01-25,Meat,11,1,384.08,384.08,0,1.0546,0.9779,0,28,1.21
2026-01-26,Produce,80,10,66.09,39.65,40,1.8551,1.1805,1,3,45.78
2026-01-27,Grocery,71,6,129.44,84.14,35,1.1973,0.4412,2,12,9.76
2026-01-28,Produce,50,29,479.76,479.76,0,2.9532,1.2792,3,6,50
2026-01-29,Bakery,76,1,308.41,277.57,10,1.4474,2.6445,4,16,3.43
2026-01-30,Produce,68,28,92.67,78.77,15,1.634,2.2078,5,9,68
2026-01-31,Bakery,75,6,429.82,257.89,40,1.6491,1.634,6,9,22.34
2026-02-01,Produce,65,19,476.98,333.89,30,1.5313,2.6067,0,6,65
2026-02-02,Deli,11,20,452.56,316.79,30,0.8268,1.2285,1,7,11
2026-02-03,Meat,49,19,408.66,265.63,35,0.6013,1.24,2,28,29.98
2026-02-04,Dairy,58,23,156.42,109.49,30,2.067,2.0464,3,14,58
2026-02-05,Seafood,65,10,287.04,243.98,15,0.6562,0.8319,4,11,10.55
2026-02-06,Seafood,20,27,448.37,358.7,20,0.8454,1.4611,5,3,20
2026-02-07,Seafood,6,17,411.01,267.16,35,0.9576,0.9225,6,4,6
2026-02-08,Meat,72,9,449.64,269.78,40,0.976,0.9459,0,21,12.4
2026-02-09,Produce,40,28,88.59,79.73,10,2.9223,1.4352,1,24,40
2026-02-10,Dairy,24,28,384.67,326.97,15,1.1888,1.5937,2,7,24
2026-02-11,Produce,64,24,471.11,471.11,0,1.6746,2.1351,3,5,47.39
2026-02-12,Deli,32,12,45.33,36.26,20,0.461,1.1285,4,4,10.29
2026-02-13,Bakery,44,21,74.03,55.52,25,2.7109,2.0146,5,20,44
2026-02-14,Meat,51,6,335.5,234.85,30,0.3987,0.7307,6,10,6.0
2026-02-15,Meat,48,13,413.19,289.23,30,1.2377,0.7227,0,22,23.14
2026-02-16,Bakery,20,17,233.95,187.16,20,2.6007,2.1611,1,14,20
2026-02-17,Meat,18,23,339.03,220.37,35,1.3405,1.2975,2,18,18
2026-02-18,Produce,64,16,125.08,106.32,15,1.5668,1.507,3,21,38.64
2026-02-19,Dairy,68,5,43.62,37.08,15,1.7744,1.8266,4,8,15.48
2026-02-20,Meat,79,13,485.39,485.39,0,1.5489,0.7319,5,9,22.3
2026-02-21,Grocery,63,20,436.97,371.42,15,0.2348,1.059,6,7,14.34
2026-02-22,Seafood,26,19,321.03,240.77,25,1.1368,1.2571,0,5,26
2026-02-23,Dairy,52,13,87.8,87.8,0,1.1684,1.763,1,19,21.69
2026-02-24,Produce,22,14,312.62,265.73,15,1.0443,2.1252,2,19,22
2026-02-25,Seafood,14,4,254.06,215.95,15,1.0339,1.1744,3,3,4.94
2026-02-26,Seafood,58,22,272.97,191.08,30,1.2441,0.6044,4,18,39.11
2026-02-27,Seafood,51,25,191.5,172.35,10,1.2211,0.7153,5,27,39.98
2026-02-28,Dairy,13,30,159.55,103.71,35,1.4973,1.5471,6,19,13
2026-03-01,Bakery,3,17,203.14,162.51,20,1.7248,1.6207,0,14,3
2026-03-02,Bakery,57,5,334.5,250.88,25,1.7446,2.4676,1,24,15.06
2026-03-03,Grocery,29,25,221.28,132.77,40,0.8097,1.1663,2,18,29
2026-03-04,Deli,76,10,188.57,122.57,35,1.1264,0.4953,3,17,16.35
2026-03-05,Seafood,23,23,72.63,47.21,35,0.4598,1.009,4,22,23
2026-03-06,Produce,9,22,101.35,101.35,0,2.4366,0.9475,5,5,9
2026-03-07,Bakery,31,9,201.15,201.15,0,1.9511,1.6009,6,15,11.55
2026-03-08,Meat,69,21,161.07,161.07,0,1.7722,0.8955,0,9,27.45
2026-03-09,Seafood,69,22,160.85,160.85,0,0.6387,0.9683,1,25,13.5
2026-03-10,Dairy,24,20,345.16,241.61,30,1.5008,1.5108,2,27,24
2026-03-11,Grocery,53,12,217.59,174.07,20,1.9918,0.5128,3,5,26.74
2026-03-12,Bakery,39,18,369.92,258.94,30,1.1341,2.6124,4,17,39
2026-03-13,Grocery,3,19,149.03,96.87,35,1.889,0.6166,5,19,3
2026-03-14,Deli,17,11,406.4,304.8,25,1.7478,0.737,6,15,17
2026-03-15,Meat,34,16,384.8,230.88,40,0.8313,0.8071,0,30,19.03
2026-03-16,Bakery,17,16,147.46,95.85,35,0.4502,0.5098,1,13,15.65
2026-03-17,Grocery,69,12,279.43,209.57,25,0.7732,1.0015,2,24,16.53
2026-03-18,Produce,46,27,61.11,51.94,15,1.3532,2.0823,3,26,46
2026-03-19,Produce,27,30,262.02,209.62,20,1.6584,2.0424,4,11,27
2026-03-20,Dairy,28,8,421.6,295.12,30,1.6389,1.6775,5,24,28
2026-03-21,Grocery,3,20,388.02,388.02,0,0.7475,1.1669,6,13,3
2026-03-22,Grocery,76,29,437.67,262.6,40,1.2436,1.4653,0,27,61.02
2026-03-23,Meat,9,5,274.72,178.57,35,1.0729,0.6921,1,19,9
2026-03-24,Deli,25,13,242.17,217.95,10,1.051,0.8213,2,9,16.16
2026-03-25,Grocery,15,19,179.58,134.69,25,0.9499,1.0901,3,11,15
2026-03-26,Grocery,46,20,198.81,119.29,40,0.6761,1.1438,4,15,34.94
2026-03-27,Deli,26,15,296.42,237.14,20,0.7997,1.4257,5,28,21.79
2026-03-28,Dairy,58,18,431.75,345.4,20,2.3082,2.4029,6,8,58
2026-03-29,Grocery,20,16,497.89,348.52,30,1.5115,1.0558,0,20,20
2026-03-30,Seafood,9,19,214.24,182.1,15,1.437,1.0824,1,17,9
2026-03-31,Produce,36,11,196.46,147.34,25,2.145,1.6553,2,14,36
2026-04-01,Seafood,80,22,119.51,101.58,15,1.1556,0.8714,3,27,30.85
2026-04-02,Produce,13,15,206.01,154.51,25,2.7452,0.5359,4,30,13
2026-04-03,Dairy,46,21,225.36,146.48,35,1.6176,1.3592,5,13,46
2026-04-04,Produce,37,10,312.56,203.16,35,2.4288,1.9133,6,30,37
2026-04-05,Deli,78,24,272.44,163.46,40,0.9704,1.3181,0,24,55.19
2026-04-06,Deli,13,24,125.02,81.26,35,1.298,1.3043,1,18,13
2026-04-07,Meat,6,2,391.19,352.07,10,1.5243,1.3782,2,15,5.83
2026-04-08,Deli,34,8,375.36,225.22,40,1.6916,1.0662,3,29,24.19
2026-04-09,Dairy,7,1,340.19,238.13,30,1.8875,1.1196,4,20,5.35
2026-04-10,Grocery,72,5,109.09,65.45,40,0.4069,0.7101,5,21,3.99
2026-04-11,Grocery,71,17,172.09,120.46,30,0.7504,1.0248,6,16,25.27
2026-04-12,Deli,41,5,30.01,25.51,15,1.3922,0.9746,0,3,9.72
2026-04-13,Produce,65,30,474.8,284.88,40,1.6342,2.9732,1,28,65
2026-04-14,Bakery,50,18,114.57,74.47,35,0.9889,1.5455,2,26,46.48
2026-04-15,Produce,51,13,129.78,116.8,10,1.5426,2.2084,3,28,31.4
2026-04-16,Produce,37,22,160.22,120.16,25,0.4704,0.9958,4,8,33.15
2026-04-17,Dairy,17,10,327.52,196.51,40,1.3984,2.1223,5,4,17
2026-04-18,Meat,26,1,486.86,365.14,25,1.1705,1.0371,6,26,3.02
2026-04-19,Bakery,14,8,96.57,57.94,40,1.9347,2.3519,0,14,14
2026-04-20,Grocery,7,23,181.87,154.59,15,0.5992,1.4869,1,5,7
2026-04-21,Meat,26,16,116.29,87.22,25,1.3964,0.535,2,10,26
2026-04-22,Grocery,59,25,142.4,142.4,0,1.415,1.1535,3,6,38.48
2026-04-23,Meat,29,22,249.59,187.19,25,1.3083,1.0243,4,20,29
2026-04-24,Meat,35,4,253.58,190.19,25,0.4697,1.3184,5,30,7.8
2026-04-25,Produce,17,7,137.08,89.1,35,1.8088,2.3241,6,28,17
2026-04-26,Dairy,8,1,301.01,180.61,40,1.7615,1.4014,0,27,2.82
2026-04-27,Bakery,23,8,262.46,183.72,30,3.7464,1.0258,1,23,23
2026-04-28,Dairy,71,23,400.95,340.81,15,1.3696,1.1084,2,20,43.48
2026-04-29,Seafood,47,21,407.62,244.57,40,0.8931,0.8442,3,11,33.08
2026-04-30,Bakery,59,16,290.54,174.32,40,2.5027,1.9282,4,14,59
2026-05-01,Deli,62,24,155.78,132.41,15,1.4213,1.2876,5,14,52.77
2026-05-02,Grocery,67,1,205.05,174.29,15,1.2625,1.3093,6,14,1.03
2026-05-03,Seafood,33,20,177.33,159.6,10,0.6864,0.6183,0,18,13.35
2026-05-04,Seafood,22,18,316.19,221.33,30,1.1493,0.6992,1,6,22
2026-05-05,Meat,11,22,45.79,38.92,15,1.1421,1.175,2,4,11
2026-05-06,Meat,52,21,337.51,253.13,25,1.2565,1.3221,3,25,44.28
2026-05-07,Bakery,29,1,336.48,302.83,10,0.9188,1.9536,4,16,1.07
2026-05-08,Seafood,10,12,416.23,312.17,25,1.2984,0.4677,5,29,10
2026-05-09,Deli,30,3,481.28,433.15,10,1.4449,1.355,6,24,4.78
2026-05-10,Dairy,25,19,290.25,188.66,35,1.7269,1.4812,0,21,25
2026-05-11,Deli,61,22,358.71,233.16,35,1.388,1.054,1,13,57.15
2026-05-12,Produce,71,6,499.26,299.56,40,2.6426,3.1833,2,20,38.47
2026-05-13,Deli,50,28,220.86,143.56,35,1.371,0.9175,3,15,50
2026-05-14,Seafood,35,18,196.0,117.6,40,1.295,0.643,4,26,35
2026-05-15,Bakery,79,10,32.74,27.83,15,2.3336,1.7811,5,30,37.09
2026-05-16,Deli,38,1,461.58,392.34,15,1.4828,1.5317,6,7,2.6
2026-05-17,Dairy,49,9,447.57,358.06,20,1.6022,2.3168,0,9,26.15
2026-05-18,Produce,44,3,401.63,341.39,15,2.3861,0.7186,1,25,9.21
2026-05-19,Meat,15,27,307.73,230.8,25,1.7806,1.2396,2,27,15
2026-05-20,Deli,58,12,222.85,200.56,10,1.6952,1.3765,3,23,23.05
2026-05-21,Seafood,4,20,326.1,211.97,35,1.262,1.0098,4,13,4
2026-05-22,Meat,31,23,97.77,63.55,35,1.5503,1.6426,5,21,31
2026-05-23,Meat,31,3,230.17,149.61,35,1.3084,1.3395,6,20,4.96
2026-05-24,Grocery,13,9,214.3,139.3,35,1.0875,1.0236,0,7,13
2026-05-25,Grocery,28,18,256.73,205.38,20,0.05,0.6157,1,11,4.46
2026-05-26,Seafood,44,14,350.25,315.23,10,0.8644,1.1121,2,14,17.83
2026-05-27,Deli,44,7,188.65,188.65,0,1.2315,0.9824,3,28,6.43
2026-05-28,Grocery,21,20,234.22,187.38,20,1.5264,1.0902,4,27,21
2026-05-29,Produce,13,28,78.38,78.38,0,2.0426,2.835,5,12,13
2026-05-30,Bakery,17,11,169.93,101.96,40,2.7531,2.166,6,20,17
2026-05-31,Dairy,72,7,273.55,205.16,25,0.8008,1.3103,0,24,13.39
2026-06-01,Bakery,77,13,455.37,455.37,0,1.7531,1.7935,1,9,23.86
2026-06-02,Seafood,37,23,50.22,50.22,0,1.323,1.0612,2,14,25.36
2026-06-03,Seafood,5,4,163.94,106.56,35,0.3055,0.9312,3,25,4.62
2026-06-04,Bakery,43,29,255.21,229.69,10,2.0888,2.3863,4,3,43
2026-06-05,Bakery,70,8,169.84,101.9,40,2.1755,1.5526,5,14,44.76
2026-06-06,Produce,48,12,321.98,257.58,20,3.9402,1.9581,6,11,48
2026-06-07,Grocery,6,29,473.46,355.09,25,1.1236,1.0419,0,15,6
2026-06-08,Produce,14,5,371.7,297.36,20,1.2073,2.3885,1,22,11.82
2026-06-09,Deli,72,15,87.59,74.45,15,1.362,0.7228,2,9,22.9
2026-06-10,Seafood,42,5,352.05,299.24,15,0.2758,1.1515,3,21,3.77
2026-06-11,Dairy,11,11,289.74,260.77,10,0.7389,1.8462,4,7,11
2026-06-12,Produce,43,1,443.06,287.99,35,2.5776,1.8768,5,23,6.21
2026-06-13,Produce,22,9,395.08,355.57,10,0.7006,2.0937,6,22,13.79
2026-06-14,Meat,80,9,294.35,235.48,20,0.8706,0.9639,0,27,11.87
2026-06-15,Grocery,67,5,426.92,256.15,40,1.0232,0.9314,1,30,7.79
2026-06-16,Grocery,63,16,90.32,72.26,20,1.0533,1.3041,2,16,32.14
2026-06-17,Dairy,28,24,384.94,346.45,10,1.2671,1.9952,3,17,28
2026-06-18,Seafood,65,20,351.73,211.04,40,1.1531,0.7149,4,29,48.25
2026-06-19,Grocery,43,24,212.22,212.22,0,0.5275,0.6739,5,29,15.38
2026-06-20,Bakery,34,29,271.38,176.4,35,1.9774,1.7845,6,4,34
2026-06-21,Dairy,59,10,214.07,160.55,25,2.0808,1.5547,0,8,28.64
2026-06-22,Grocery,9,10,352.73,299.82,15,0.5087,1.0981,1,8,9
2026-06-23,Seafood,72,19,89.27,58.03,35,1.0998,0.873,2,17,37.59
2026-06-24,Meat,28,29,444.21,399.79,10,1.0997,1.6063,3,25,28
2026-06-25,Produce,14,4,79.23,47.54,40,1.312,1.8313,4,25,14
2026-06-26,Grocery,68,24,315.73,268.37,15,0.7522,1.2028,5,21,33.03
2026-06-27,Seafood,22,22,102.01,86.71,15,0.2097,1.0841,6,16,16.65
2026-06-28,Deli,60,10,162.17,137.84,15,1.365,1.3287,0,11,18.45
2026-06-29,Bakery,66,15,431.32,431.32,0,2.6411,1.3097,1,9,31.68
2026-06-30,Meat,63,22,240.53,144.32,40,1.5577,1.3138,2,22,63
2026-07-01,Produce,29,18,48.24,41.0,15,2.8809,2.523,3,7,29
2026-07-02,Seafood,76,2,423.06,317.3,25,0.8342,1.001,4,8,5.76
2026-07-03,Produce,79,10,296.83,252.31,15,3.4092,2.9758,5,14,57.32
2026-07-04,Bakery,41,3,178.34,115.92,35,2.2537,0.977,6,18,12.85
2026-07-05,Dairy,38,4,181.37,117.89,35,1.3398,0.814,0,22,8.6
2026-07-06,Bakery,76,4,371.62,334.46,10,0.8426,1.8845,1,12,9.71
2026-07-07,Grocery,43,20,148.34,103.84,30,0.5864,1.3714,2,18,25.03
2026-07-08,Meat,66,24,258.94,220.1,15,1.3086,0.9396,3,6,39.2
2026-07-09,Bakery,18,15,375.3,300.24,20,2.1999,2.4144,4,16,18
2026-07-10,Bakery,47,11,291.2,232.96,20,2.2212,1.8257,5,12,43.57
2026-07-11,Deli,73,17,178.86,178.86,0,1.9276,1.4447,6,15,32.26
2026-07-12,Produce,6,19,420.22,336.18,20,1.6919,2.4767,0,28,6
2026-07-13,Bakery,20,21,253.71,152.23,40,0.5604,2.3218,1,13,20
2026-07-14,Grocery,55,26,465.7,465.7,0,1.1504,0.7823,2,20,26.84
2026-07-15,Bakery,76,7,350.61,245.43,30,1.2582,2.0809,3,29,21.63
2026-07-16,Bakery,51,11,322.59,274.2,15,1.2353,1.5686,4,27,20.8
2026-07-17,Deli,43,23,362.17,271.63,25,0.7271,0.8382,5,10,35.52
2026-07-18,Deli,41,15,127.67,95.75,25,1.3846,1.5106,6,5,37.82
2026-07-19,Grocery,6,17,404.54,343.86,15,1.0548,1.2496,0,26,6
2026-07-20,Seafood,42,17,393.38,334.37,15,0.9175,0.7781,1,7,23.52
2026-07-21,Dairy,7,24,243.2,218.88,10,1.4297,2.544,2,24,7
2026-07-22,Seafood,14,20,183.31,183.31,0,1.3282,1.1778,3,27,14
2026-07-23,Deli,29,21,177.42,141.94,20,1.1105,1.0989,4,27,29
2026-07-24,Grocery,18,22,154.51,131.33,15,0.9909,1.052,5,9,18
2026-07-25,Meat,73,12,176.28,149.84,15,0.7772,1.6583,6,21,15.47
2026-07-26,Dairy,12,6,172.9,121.03,30,1.3361,1.4634,0,4,12
2026-07-27,Bakery,9,13,65.91,42.84,35,2.0467,2.1138,1,21,9
2026-07-28,Produce,60,27,317.75,238.31,25,1.7699,2.3466,2,5,60
2026-07-29,Seafood,62,25,294.7,265.23,10,0.3274,1.1333,3,17,12.54
2026-07-30,Bakery,42,15,350.13,210.08,40,0.2969,2.0412,4,11,36.06
2026-07-31,Deli,26,13,357.32,250.12,30,1.9012,1.3797,5,17,26
2026-08-01,Grocery,11,1,250.78,175.55,30,0.3293,1.0776,6,21,0.78
2026-08-02,Dairy,16,17,217.7,195.93,10,1.9762,1.201,0,28,16
2026-08-03,Deli,62,18,215.39,140.0,35,1.2225,1.4684,1,5,47.51
2026-08-04,Deli,78,7,229.8,149.37,35,1.6054,0.8995,2,25,18.26
2026-08-05,Dairy,12,6,376.2,225.72,40,2.0322,1.8988,3,17,12
2026-08-06,Dairy,54,10,58.06,52.25,10,1.7118,1.261,4,29,20.39
2026-08-07,Grocery,66,11,331.37,331.37,0,1.5435,1.2978,5,23,22.55
2026-08-08,Seafood,21,1,338.92,203.35,40,0.4571,0.6367,6,21,0.9
2026-08-09,Grocery,29,7,348.72,244.1,30,0.8086,1.5077,0,16,9.01
2026-08-10,Produce,47,30,495.39,495.39,0,0.5835,1.4518,1,30,22.69
2026-08-11,Dairy,40,28,54.65,54.65,0,2.1727,1.5031,2,12,40
2026-08-12,Seafood,33,1,230.06,149.54,35,0.8797,0.5993,3,15,0.75
2026-08-13,Grocery,72,14,125.33,106.53,15,0.7768,1.0305,4,29,14.17
2026-08-14,Grocery,39,5,498.79,423.97,15,1.5276,1.0769,5,3,11.24
2026-08-15,Dairy,65,24,337.52,286.89,15,2.1487,1.8273,6,28,65
2026-08-16,Produce,57,20,321.04,192.62,40,2.3896,1.2409,0,17,57
2026-08-17,Grocery,31,12,113.25,113.25,0,0.4017,0.7267,1,16,6.04
2026-08-18,Meat,49,19,40.89,40.89,0,1.5529,0.631,2,6,22.83
2026-08-19,Meat,13,16,92.49,69.37,25,0.9484,1.1291,3,18,13
2026-08-20,Produce,12,24,349.94,262.45,25,1.8079,1.016,4,20,12
2026-08-21,Seafood,63,1,240.67,144.4,40,0.6473,0.7914,5,12,0.43
2026-08-22,Deli,7,6,355.15,266.36,25,2.1248,1.1331,6,4,7
2026-08-23,Produce,77,16,105.31,105.31,0,1.6772,1.5855,0,18,24.26
2026-08-24,Bakery,67,5,61.51,46.13,25,1.6522,1.7904,1,11,18.65
2026-08-25,Seafood,4,9,377.18,320.6,15,1.3361,0.6632,2,8,4
2026-08-26,Deli,33,26,255.34,255.34,0,0.8604,1.1167,3,7,25.19
2026-08-27,Meat,22,30,422.87,274.87,35,1.1362,0.8587,4,9,22
2026-08-28,Meat,47,24,50.8,38.1,25,1.3013,1.1056,5,8,47
2026-01-01,Grocery,63,13,168.15,134.52,20,0.6015,1.3216,6,30,13.85
2026-01-02,Grocery,39,1,465.43,279.26,40,1.0312,0.8073,0,19,2.09
2026-01-03,Produce,15,2,460.91,322.64,30,2.7163,1.8266,1,13,13.46
2026-01-04,Deli,15,9,146.29,95.09,35,0.791,0.6761,2,10,14.01
2026-01-05,Produce,78,22,390.99,273.69,30,1.0296,0.2962,3,3,38.07
2026-01-06,Seafood,4,3,220.34,198.31,10,0.9424,0.8009,4,26,2.96
2026-01-07,Deli,27,9,41.17,37.05,10,1.7284,1.3691,5,22,22.79
2026-01-08,Produce,18,4,66.03,56.13,15,1.6975,1.2748,6,23,11.88
2026-01-09,Meat,26,26,450.6,383.01,15,1.0909,1.4701,0,11,26
2026-01-10,Seafood,44,14,147.23,132.51,10,0.7245,0.8835,1,15,14.17
2026-01-11,Deli,36,2,478.91,359.18,25,1.2697,1.3228,2,15,5.06
2026-01-12,Dairy,65,21,76.5,49.73,35,1.4547,1.6275,3,17,65
2026-01-13,Produce,16,9,41.56,37.4,10,1.5208,1.8025,4,7,16
2026-01-14,Produce,3,21,468.12,304.28,35,2.4973,1.904,5,15,3
2026-01-15,Meat,68,1,361.11,216.67,40,0.7121,1.146,6,5,1.49
2026-01-16,Meat,3,8,207.6,124.56,40,0.4027,1.3957,0,14,3
2026-01-17,Deli,41,22,215.29,193.76,10,0.6544,1.7281,1,27,23.76
2026-01-18,Seafood,28,10,108.89,108.89,0,1.4101,1.2888,2,12,13.15
2026-01-19,Produce,16,13,324.54,227.18,30,0.5487,2.1057,3,4,16
2026-01-20,Dairy,78,1,138.28,89.88,35,1.6293,2.0178,4,12,4.63
2026-01-21,Grocery,60,18,484.12,484.12,0,1.1157,1.0235,5,6,22.74
2026-01-22,Dairy,69,26,242.73,206.32,15,1.349,1.4816,6,5,49.37
2026-01-23,Bakery,21,24,257.22,257.22,0,0.4139,2.0172,0,7,21
2026-01-24,Bakery,9,6,454.71,409.24,10,2.078,1.4821,1,21,9
2026-01-25,Bakery,16,27,79.24,63.39,20,2.1911,1.9404,2,26,16
2026-01-26,Produce,44,13,82.38,70.02,15,3.1354,1.3254,3,9,44
2026-01-27,Seafood,78,2,107.39,96.65,10,1.0262,1.0025,4,20,1.68
2026-01-28,Dairy,34,15,464.7,464.7,0,1.9119,2.0327,5,23,34
2026-01-29,Meat,23,13,32.42,19.45,40,1.1405,1.1193,6,21,23
2026-01-30,Deli,63,14,353.87,283.1,20,0.9055,1.3781,0,17,22.14
2026-01-31,Grocery,25,8,315.01,315.01,0,0.5424,0.7289,1,29,4.36
2026-02-01,Seafood,47,10,223.92,179.14,20,0.8125,1.1831,2,6,19.34
2026-02-02,Meat,72,12,266.08,159.65,40,1.172,0.6197,3,28,24.12
2026-02-03,Dairy,63,22,261.32,222.12,15,1.8398,1.4357,4,23,62.2
2026-02-04,Deli,29,10,231.47,162.03,30,0.5447,0.6933,5,4,11.34
2026-02-05,Meat,23,6,398.11,238.87,40,1.1525,0.974,6,10,13.16
2026-02-06,Produce,78,15,300.39,195.25,35,2.333,2.8555,0,13,74.64
2026-02-07,Dairy,33,4,375.43,300.34,20,2.311,1.2746,1,18,13.92
2026-02-08,Meat,9,16,447.98,380.78,15,1.2114,1.5423,2,17,9
2026-02-09,Produce,48,7,488.39,390.71,20,2.6089,1.9212,3,21,30.09
2026-02-10,Bakery,20,9,77.78,46.67,40,1.4269,1.8852,4,22,20
2026-02-11,Dairy,24,26,299.61,239.69,20,2.4111,2.2597,5,18,24
2026-02-12,Seafood,78,7,249.91,149.95,40,0.8071,1.3296,6,13,13.22
2026-02-13,Grocery,31,19,448.62,381.33,15,0.7376,1.5495,0,16,19.56
2026-02-14,Bakery,63,2,373.4,373.4,0,1.2366,2.0434,1,6,3.46
2026-02-15,Grocery,33,16,64.47,64.47,0,0.497,0.8928,2,9,8.08
2026-02-16,Dairy,40,12,138.55,124.7,10,2.2768,1.5669,3,21,34.24
2026-02-17,Produce,6,19,488.8,293.28,40,2.6601,2.1671,4,15,6
2026-02-18,Dairy,50,26,322.74,322.74,0,1.6285,1.3675,5,4,49.15
2026-02-19,Deli,37,14,356.58,285.26,20,0.9654,1.2347,6,13,21.4
2026-02-20,Produce,10,30,269.5,188.65,30,2.2588,1.8117,0,14,10
2026-02-21,Deli,74,6,359.81,287.85,20,1.6363,1.4098,1,20,15.98
2026-02-22,Bakery,64,21,375.26,300.21,20,1.8212,0.8867,2,19,51.29
2026-02-23,Produce,38,14,50.87,35.61,30,3.3513,1.61,3,19,38
2026-02-24,Seafood,63,4,362.17,271.63,25,0.6118,0.9769,4,5,4.43
2026-02-25,Dairy,61,29,66.47,43.21,35,0.7848,1.7975,5,5,61
2026-02-26,Bakery,38,6,78.21,66.48,15,0.5156,1.8254,6,12,5.83
2026-02-27,Grocery,72,22,467.57,280.54,40,0.9363,0.8145,0,23,37.19
2026-02-28,Bakery,27,10,54.9,43.92,20,2.1881,1.237,1,23,27
2026-03-01,Produce,44,26,255.92,153.55,40,2.7896,1.2503,2,28,44
2026-03-02,Deli,36,6,132.72,92.9,30,1.9077,1.0871,3,17,20.32
2026-03-03,Dairy,23,20,363.11,272.33,25,1.6436,1.6153,4,25,23
2026-03-04,Produce,22,29,101.6,91.44,10,2.5905,2.1339,5,8,22
2026-03-05,Dairy,7,18,341.14,238.8,30,1.791,1.7936,6,8,7
2026-03-06,Meat,18,10,462.21,300.44,35,1.6978,0.8631,0,7,18
2026-03-07,Bakery,72,24,488.41,341.89,30,1.3346,1.528,1,12,64.31
2026-03-08,Seafood,21,19,404.8,242.88,40,0.8187,1.0119,2,24,21
2026-03-09,Meat,42,4,36.78,29.42,20,1.1145,0.9629,3,4,6.64
2026-03-10,Meat,27,21,302.13,241.7,20,1.2284,0.5475,4,30,27
2026-03-11,Grocery,14,22,488.52,317.54,35,1.1378,1.0897,5,22,14
2026-03-12,Meat,49,2,213.84,139.0,35,0.8461,1.3329,6,17,3.47
2026-03-13,Seafood,14,18,127.46,76.48,40,1.1862,0.8851,0,17,14
2026-03-14,Deli,57,6,371.09,241.21,35,1.5573,1.5682,1,18,19.58
2026-03-15,Seafood,45,17,56.4,36.66,35,1.0107,1.1354,2,11,35.05
2026-03-16,Grocery,74,6,244.51,207.83,15,1.2073,1.5383,3,29,9.87
2026-03-17,Seafood,77,10,169.36,101.62,40,1.2547,0.9762,4,7,32.06
2026-03-18,Deli,63,10,83.98,62.98,25,0.776,1.4083,5,6,17.69
2026-03-19,Seafood,66,9,497.31,447.58,10,0.6818,0.692,6,18,6.86
2026-03-20,Meat,36,14,323.3,193.98,40,1.8017,1.0019,0,3,36
2026-03-21,Seafood,23,9,301.29,256.1,15,1.266,0.6651,1,7,17.35
2026-03-22,Deli,9,6,154.52,100.44,35,0.5141,0.5225,2,23,7.1
2026-03-23,Bakery,27,17,389.06,330.7,15,1.9577,1.8673,3,8,27
2026-03-24,Meat,43,11,417.74,313.31,25,1.0199,1.606,4,14,22.16
2026-03-25,Seafood,4,5,90.05,67.54,25,1.1961,0.6828,5,13,4
2026-03-26,Dairy,30,4,98.41,78.73,20,1.9584,0.8017,6,19,7.92
2026-03-27,Seafood,73,18,358.58,322.72,10,0.7264,0.3782,0,6,15.21
2026-03-28,Seafood,5,5,252.77,189.58,25,0.8376,0.7623,1,19,2.71
2026-03-29,Seafood,25,11,362.2,362.2,0,1.233,0.8953,2,7,11.55
2026-03-30,Seafood,21,23,351.82,263.87,25,1.0174,1.0011,3,28,21
2026-03-31,Bakery,5,3,392.98,255.44,35,2.2576,2.0488,4,28,5
2026-04-01,Produce,78,17,53.15,47.84,10,2.1748,1.903,5,6,56.02
2026-04-02,Seafood,80,4,122.57,98.06,20,0.9429,1.0001,6,5,6.88
2026-04-03,Dairy,38,28,475.68,332.98,30,0.8819,2.2084,0,19,38
2026-04-04,Meat,15,3,414.3,414.3,0,0.5794,0.5851,1,12,1.54
2026-04-05,Dairy,71,29,27.06,24.35,10,2.55,1.0359,2,25,71
2026-04-06,Meat,59,6,344.92,310.43,10,0.7487,1.23,3,15,7.83
2026-04-07,Grocery,68,7,133.09,119.78,10,1.0218,0.7401,4,18,7.28
2026-04-08,Seafood,39,12,289.64,289.64,0,0.9811,1.1739,5,15,15.48
2026-04-09,Deli,79,15,374.68,224.81,40,1.2649,1.564,6,30,45.83
2026-04-10,Bakery,63,29,471.06,329.74,30,1.7372,2.6472,0,18,63
2026-04-11,Produce,53,4,233.08,209.77,10,2.5138,2.4095,1,26,11.72
2026-04-12,Dairy,49,3,488.22,341.75,30,0.1386,1.7667,2,15,5.25
2026-04-13,Bakery,57,8,369.47,277.1,25,1.8998,0.8837,3,28,20.15
2026-04-14,Produce,48,13,251.02,163.16,35,1.3471,2.7159,4,7,48
2026-04-15,Seafood,16,15,83.04,49.82,40,0.4569,0.9065,5,4,16
2026-04-16,Seafood,66,3,347.1,295.04,15,1.008,0.5986,6,7,4.76
2026-04-17,Deli,15,20,386.08,231.65,40,1.2748,0.9669,0,11,15
2026-04-18,Meat,72,11,284.64,284.64,0,0.7195,1.7786,1,6,10.96
2026-04-19,Grocery,43,15,430.12,258.07,40,0.9124,1.0194,2,12,21.3
2026-04-20,Produce,65,6,229.57,172.18,25,1.5158,1.8518,3,6,15.92
2026-04-21,Meat,65,22,338.54,203.12,40,0.3529,1.1977,4,18,26.84
2026-04-22,Meat,48,13,389.07,291.8,25,1.0839,1.0662,5,4,26.82
2026-04-23,Dairy,49,27,190.72,190.72,0,1.5701,0.8725,6,14,34.53
2026-04-24,Grocery,10,12,339.09,271.27,20,1.2523,1.025,0,5,10
2026-04-25,Produce,42,3,79.37,67.46,15,2.6172,2.0659,1,21,7.88
2026-04-26,Meat,56,29,151.64,90.98,40,1.2868,0.281,2,15,51.87
2026-04-27,Meat,44,13,296.96,178.18,40,1.5669,1.391,3,27,37.36
2026-04-28,Produce,24,11,317.04,221.93,30,2.7097,2.3954,4,23,24
2026-04-29,Seafood,12,26,424.18,339.34,20,0.8771,0.982,5,10,12
2026-04-30,Meat,14,24,365.91,329.32,10,1.0907,0.879,6,21,14
2026-05-01,Seafood,63,17,227.88,159.52,30,1.0294,0.524,0,16,22.73
2026-05-02,Produce,43,18,120.04,78.03,35,3.1975,1.9943,1,24,43
2026-05-03,Seafood,26,18,443.43,376.92,15,0.7069,0.8132,2,17,21.99
2026-05-04,Deli,71,30,409.24,266.01,35,1.0369,1.7316,3,4,68.86
2026-05-05,Meat,49,7,244.68,195.74,20,1.4427,1.5068,4,13,16.87
2026-05-06,Seafood,11,27,326.12,211.98,35,1.2201,0.8764,5,8,11
2026-05-07,Deli,79,22,137.16,109.73,20,1.4073,1.3538,6,17,47.37
2026-05-08,Grocery,58,18,225.46,225.46,0,1.6556,1.0711,0,3,26.79
2026-05-09,Deli,38,26,337.87,287.19,15,1.1239,1.1167,1,4,38
2026-05-10,Seafood,13,29,174.1,130.57,25,0.3582,1.2896,2,16,13
2026-05-11,Deli,14,22,213.53,181.5,15,1.2479,1.6665,3,24,14
2026-05-12,Seafood,70,19,144.61,130.15,10,0.8998,0.9103,4,28,26.05
2026-05-13,Deli,77,11,375.19,300.15,20,1.4707,1.1005,5,11,28.17
2026-05-14,Grocery,35,14,434.88,434.88,0,1.1511,0.7098,6,6,14.51
2026-05-15,Deli,57,18,250.56,200.45,20,2.0411,1.0308,0,25,48.07
2026-05-16,Deli,42,27,35.01,35.01,0,1.0461,1.4883,1,4,27.77
2026-05-17,Produce,33,30,145.17,94.36,35,1.3575,3.4098,2,6,33
2026-05-18,Meat,33,28,432.38,281.05,35,1.6344,1.9387,3,11,33
2026-05-19,Deli,33,3,166.28,141.34,15,1.7124,0.9436,4,16,9.09
2026-05-20,Seafood,38,2,436.56,261.94,40,0.5308,0.6259,5,29,2.73
2026-05-21,Deli,57,23,441.46,397.31,10,1.4931,0.7024,6,22,34.03
2026-05-22,Produce,73,27,375.45,225.27,40,1.9741,1.6569,0,23,73
2026-05-23,Produce,59,6,400.73,340.62,15,2.4676,2.0077,1,6,20.67
2026-05-24,Dairy,69,8,363.94,309.35,15,2.1461,1.8918,2,28,20.7
2026-05-25,Deli,64,15,439.92,373.93,15,1.157,1.7478,3,9,30.29
2026-05-26,Bakery,50,14,111.4,72.41,35,0.7994,2.8547,4,10,45.77
2026-05-27,Bakery,74,1,332.38,265.9,20,3.2197,0.9935,5,8,5.63
2026-05-28,Bakery,57,13,310.19,263.66,15,2.728,2.2383,6,21,52.85
2026-05-29,Bakery,70,1,231.7,139.02,40,2.1432,1.2424,0,30,4.23
2026-05-30,Seafood,37,26,161.78,97.07,40,1.1096,0.6883,1,9,37
2026-05-31,Meat,39,7,370.19,296.15,20,0.7563,1.266,2,11,10.29
2026-06-01,Dairy,60,20,455.98,319.19,30,1.845,0.9365,3,5,57.37
2026-06-02,Bakery,20,16,438.94,285.31,35,1.4151,1.0127,4,11,20
2026-06-03,Bakery,74,4,52.91,37.04,30,0.8065,2.3531,5,14,10.63
2026-06-04,Meat,79,22,362.04,362.04,0,1.556,1.1132,6,24,25.27
2026-06-05,Deli,74,5,44.53,37.85,15,1.9871,1.1725,0,13,13.56
2026-06-06,Grocery,14,5,175.73,114.22,35,1.1097,1.1163,1,30,10.7
2026-06-07,Seafood,49,9,464.96,348.72,25,0.9451,1.0729,2,29,13.41
2026-06-08,Seafood,36,30,270.56,175.86,35,1.1143,0.7532,3,7,36
2026-06-09,Meat,59,28,50.28,42.74,15,1.0777,1.2977,4,18,51.28
2026-06-10,Deli,62,6,232.3,139.38,40,1.5815,1.2857,5,18,20.76
2026-06-11,Bakery,21,28,83.74,75.37,10,1.0979,1.9265,6,29,21
2026-06-12,Dairy,68,24,415.72,332.58,20,0.2874,0.898,0,16,13.35
2026-06-13,Bakery,66,8,346.53,242.57,30,1.6667,2.6058,1,24,31.94
2026-06-14,Bakery,50,13,305.41,274.87,10,1.9892,1.5334,2,24,37.58
2026-06-15,Grocery,37,15,307.25,307.25,0,1.3216,0.957,3,22,18.91
2026-06-16,Grocery,75,11,86.43,86.43,0,1.0909,0.768,4,20,13.62
2026-06-17,Meat,14,13,214.46,182.29,15,0.4935,1.1353,5,15,14
2026-06-18,Bakery,29,1,102.4,66.56,35,1.5707,2.6808,6,18,3.8
2026-06-19,Seafood,42,14,454.27,386.13,15,0.7684,0.8232,0,14,14.59
2026-06-20,Meat,65,7,236.59,153.78,35,0.61,1.1626,1,28,7.44
2026-06-21,Deli,26,20,231.2,150.28,35,1.5281,1.5604,2,17,26
2026-06-22,Produce,22,8,467.07,420.36,10,1.8101,2.6226,3,7,22
2026-06-23,Dairy,41,22,424.73,276.07,35,1.1706,1.4603,4,5,41
2026-06-24,Bakery,16,17,267.56,173.91,35,2.568,2.2442,5,11,16
2026-06-25,Meat,67,3,32.73,19.64,40,0.9772,1.1897,6,15,7.01
2026-06-26,Bakery,56,3,441.46,331.09,25,1.4046,2.5976,0,28,8.96
2026-06-27,Deli,26,11,125.26,112.73,10,0.7413,1.1909,1,30,9.51
2026-06-28,Produce,58,4,278.83,278.83,0,1.9095,2.0602,2,15,6.85
2026-06-29,Seafood,80,22,369.81,277.36,25,0.6097,0.3638,3,14,14.91
2026-06-30,Produce,53,22,407.2,366.48,10,2.0827,2.071,4,9,53
2026-07-01,Seafood,29,1,253.53,215.5,15,0.9365,0.7298,5,23,0.83
2026-07-02,Seafood,71,26,115.68,86.76,25,0.922,0.7483,6,7,35.43
2026-07-03,Produce,59,23,482.84,289.7,40,2.1642,2.6506,0,10,59
2026-07-04,Dairy,75,10,418.99,272.34,35,1.5627,1.5178,1,16,28.43
2026-07-05,Seafood,77,16,308.02,231.01,25,0.5363,1.1654,2,19,19.07
2026-07-06,Meat,65,24,135.16,135.16,0,0.7032,1.0389,3,23,18.78
2026-07-07,Grocery,63,29,80.55,56.38,30,1.1161,0.6956,4,8,56.67
2026-07-08,Deli,27,24,247.89,148.73,40,1.2332,1.452,5,22,27
2026-07-09,Seafood,62,27,87.3,65.47,25,0.745,0.8546,6,16,30.89
2026-07-10,Seafood,49,22,403.09,342.63,15,0.715,0.7476,0,7,20.13
2026-07-11,Dairy,23,7,312.73,281.46,10,0.7214,1.7907,1,18,5.42
2026-07-12,Deli,29,8,289.49,289.49,0,0.9938,1.417,2,30,8.45
2026-07-13,Meat,11,2,185.42,166.88,10,0.8861,0.9763,3,10,1.99
2026-07-14,Grocery,46,9,397.82,397.82,0,1.0562,0.6202,4,30,12.33
2026-07-15,Meat,16,20,360.54,216.32,40,0.6425,1.3563,5,27,16
2026-07-16,Bakery,16,4,416.21,416.21,0,1.4195,1.785,6,14,6.77
2026-07-17,Dairy,40,24,361.38,216.83,40,1.7405,1.4775,0,23,40
2026-07-18,Deli,20,11,83.42,66.74,20,0.796,1.3393,1,28,16.26
2026-07-19,Grocery,39,11,264.89,238.4,10,0.7393,0.9522,2,16,13.56
2026-07-20,Deli,34,21,97.02,63.06,35,1.253,1.0092,3,17,34
2026-07-21,Seafood,49,17,473.28,283.97,40,1.2047,0.9233,4,28,44.43
2026-07-22,Meat,13,3,185.69,120.7,35,1.3292,1.0776,5,24,10.6
2026-07-23,Produce,76,5,52.46,39.34,25,2.445,0.9074,6,25,21.84
2026-07-24,Meat,41,28,367.74,257.42,30,1.1408,1.0776,0,7,41
2026-07-25,Produce,60,13,330.84,198.5,40,2.8425,1.5934,1,28,60
2026-07-26,Produce,28,13,443.46,399.11,10,2.6147,2.1246,2,7,28
2026-07-27,Meat,39,18,126.52,94.89,25,0.4757,0.5499,3,8,14.05
2026-07-28,Bakery,72,1,306.44,245.15,20,2.0649,1.4003,4,26,2.53
2026-07-29,Bakery,50,27,148.38,103.87,30,2.1487,2.4466,5,6,50
2026-07-30,Grocery,76,10,375.01,225.01,40,0.8638,1.1867,6,25,17.86
2026-07-31,Produce,71,22,426.14,340.91,20,1.0763,1.7106,0,28,46.57
2026-08-01,Seafood,76,23,344.41,223.87,35,0.6642,0.8749,1,29,29.28
2026-08-02,Seafood,61,12,71.54,46.5,35,1.2675,0.9528,2,4,25.5
2026-08-03,Grocery,19,29,251.22,150.73,40,1.464,1.2124,3,27,19
2026-08-04,Grocery,36,28,302.54,196.65,35,1.2569,1.4584,4,18,36
2026-08-05,Produce,23,14,93.56,79.53,15,1.2291,2.0634,5,19,23
2026-08-06,Bakery,30,23,241.33,241.33,0,1.6492,1.7715,6,14,30
2026-08-07,Bakery,55,20,77.41,54.19,30,1.6374,1.7325,0,14,55
2026-08-08,Deli,65,10,38.29,32.55,15,1.5323,1.5013,1,4,24.05
2026-08-09,Deli,39,29,127.4,76.44,40,1.7289,1.2059,2,18,39
2026-08-10,Meat,75,10,239.88,167.92,30,1.1479,1.1733,3,26,17.46
2026-08-11,Seafood,19,20,386.93,232.16,40,0.9343,0.5006,4,5,19
2026-08-12,Seafood,55,20,208.94,135.81,35,1.3092,0.8561,5,24,52.01
2026-08-13,Grocery,38,24,331.81,282.04,15,0.8789,0.6232,6,20,27.02
2026-08-14,Produce,74,4,65.45,65.45,0,0.9484,2.7027,0,27,4.89
2026-08-15,Grocery,5,17,82.13,69.81,15,1.2729,0.9437,1,29,5
2026-08-16,Meat,13,15,408.29,285.8,30,1.7967,1.0183,2,30,13
2026-08-17,Bakery,58,11,110.74,110.74,0,2.15,1.4357,3,6,21.39
2026-08-18,Meat,39,6,93.42,70.06,25,1.2898,1.1219,4,16,12.75
2026-08-19,Produce,10,6,316.88,221.82,30,2.4619,2.8618,5,7,10
2026-08-20,Grocery,44,29,147.52,132.77,10,1.1524,1.2104,6,22,42.18
2026-08-21,Meat,66,8,266.6,173.29,35,1.3897,1.0182,0,5,16.52
2026-08-22,Grocery,55,1,325.93,325.93,0,1.4039,0.9073,1,24,2.84
2026-08-23,Bakery,74,8,334.49,284.32,15,1.5834,2.3197,2,9,24.76
2026-08-24,Seafood,50,5,281.71,239.45,15,1.1253,0.967,3,16,5.61
2026-08-25,Meat,8,15,25.48,15.29,40,1.6202,0.9888,4,4,8
2026-08-26,Grocery,79,9,144.17,93.71,35,0.8263,1.5767,5,9,18.96
2026-08-27,Meat,68,27,158.62,134.83,15,1.0664,0.6763,6,6,34.51
2026-08-28,Seafood,74,5,499.44,324.64,35,1.2001,0.978,0,28,11.8
2026-01-01,Deli,46,29,326.71,196.03,40,1.1108,1.7249,1,22,46
2026-01-02,Deli,20,1,332.06,332.06,0,1.4601,1.1741,2,3,1.34
2026-01-03,Produce,55,6,289.0,173.4,40,2.0681,1.2565,3,5,28.36
2026-01-04,Meat,59,1,344.32,241.02,30,0.5581,1.4158,4,22,1.49
2026-01-05,Deli,25,13,423.59,423.59,0,1.4861,1.4445,5,26,22.17
2026-01-06,Bakery,38,25,348.26,243.78,30,1.8809,2.1571,6,23,38
2026-01-07,Deli,31,26,136.27,81.76,40,1.3126,1.1799,0,22,31
2026-01-08,Dairy,28,1,492.53,320.14,35,1.5369,1.7781,1,19,3.81
2026-01-09,Grocery,73,6,117.04,99.48,15,1.1681,1.0627,2,21,10.27
2026-01-10,Seafood,69,8,371.23,278.42,25,0.9971,1.0452,3,25,15.94
2026-01-11,Produce,35,18,348.32,208.99,40,2.7388,2.0078,4,30,35
2026-01-12,Deli,55,14,155.17,93.1,40,0.6611,0.7657,5,4,23.21
2026-01-13,Produce,9,8,157.02,102.06,35,1.4022,1.8942,6,21,9
2026-01-14,Seafood,31,1,489.6,318.24,35,1.0787,1.4813,0,9,1.59
2026-01-15,Dairy,42,11,54.85,49.37,10,2.0498,1.5834,1,13,32.53
2026-01-16,Seafood,34,9,76.22,60.98,20,0.9846,1.3934,2,29,13.81
2026-01-17,Deli,33,17,473.19,283.91,40,1.2521,0.6975,3,4,33
2026-01-18,Bakery,43,13,447.79,403.01,10,1.6732,1.8394,4,28,33.32
2026-01-19,Grocery,41,2,315.1,204.82,35,1.4822,1.1813,5,15,4.67
2026-01-20,Grocery,55,4,135.73,135.73,0,0.8936,0.6791,6,16,3.66
2026-01-21,Meat,15,20,186.32,186.32,0,0.7708,1.1838,0,22,15
2026-01-22,Produce,78,3,399.97,319.98,20,2.3048,2.2568,1,19,11.4
2026-01-23,Deli,56,12,253.66,152.2,40,1.2896,1.3803,2,21,34.41
2026-01-24,Grocery,48,17,172.81,146.89,15,1.05,1.1549,3,13,26.27
2026-01-25,Deli,4,12,270.9,230.26,15,1.6675,1.3509,4,16,4
2026-01-26,Deli,28,7,329.26,263.41,20,0.4853,1.2723,5,24,7.3
2026-01-27,Grocery,62,23,309.89,216.92,30,1.2704,0.6893,6,13,40.75
2026-01-28,Dairy,61,4,441.15,441.15,0,1.8804,0.4891,0,23,5.56
2026-01-29,Dairy,32,23,246.6,197.28,20,1.559,2.2312,1,26,32
2026-01-30,Grocery,54,7,112.52,112.52,0,0.9078,0.9236,2,3,6.8
2026-01-31,Meat,21,4,163.02,130.42,20,0.5232,0.5646,3,9,1.5
2026-02-01,Dairy,25,10,129.0,96.75,25,2.6011,1.4202,4,20,25
2026-02-02,Dairy,28,6,35.21,26.41,25,1.5915,1.4506,5,28,17.72
2026-02-03,Bakery,29,11,169.91,135.93,20,1.2479,1.4441,6,8,25.98
2026-02-04,Meat,58,26,442.23,398.01,10,1.6862,1.563,0,20,51.09
2026-02-05,Grocery,50,23,176.03,114.42,35,1.1662,1.2223,1,4,47.7
2026-02-06,Seafood,78,20,114.82,86.11,25,0.9691,0.6668,2,30,33.71
2026-02-07,Dairy,68,28,484.98,290.99,40,1.8073,1.547,3,18,68
2026-02-08,Seafood,11,22,104.53,67.94,35,0.9037,0.5114,4,17,11
2026-02-09,Dairy,50,11,274.6,164.76,40,1.4645,1.3874,5,11,36.18
2026-02-10,Meat,77,13,333.63,266.9,20,1.1494,1.3182,6,12,25.08
2026-02-11,Grocery,51,29,296.4,207.48,30,0.7338,0.9964,0,27,37.14
2026-02-12,Bakery,59,10,271.44,217.15,20,1.1909,1.4958,1,17,19.5
2026-02-13,Grocery,50,14,407.14,285.0,30,0.7456,0.9903,2,17,19.45
2026-02-14,Dairy,12,9,195.57,176.01,10,1.3289,2.0105,3,11,12
2026-02-15,Dairy,18,4,58.89,58.89,0,1.4388,1.1113,4,24,5.84
2026-02-16,Deli,41,9,378.98,284.24,25,1.4083,1.6563,5,25,29.16
2026-02-17,Produce,36,18,29.05,21.79,25,3.0481,1.89,6,15,36
2026-02-18,Grocery,77,27,384.96,384.96,0,0.5868,1.0629,0,15,17.98
2026-02-19,Dairy,29,8,250.36,150.22,40,1.2022,1.414,1,28,19.36
2026-02-20,Bakery,27,11,228.68,148.64,35,1.9731,2.3715,2,21,27
2026-02-21,Seafood,42,5,473.09,473.09,0,0.7904,0.504,3,14,3.55
2026-02-22,Deli,56,8,227.22,147.69,35,1.2518,0.6504,4,21,18.4
2026-02-23,Seafood,20,2,98.0,68.6,30,1.2987,0.46,5,22,3.43
2026-02-24,Meat,53,28,490.58,392.46,20,1.2325,1.0621,6,13,46.43
2026-02-25,Meat,41,15,69.29,62.36,10,1.386,1.0062,0,29,20.63
2026-02-26,Produce,65,20,37.75,30.2,20,3.6288,2.6515,1,24,65
2026-02-27,Meat,61,3,52.29,52.29,0,1.3741,1.4085,2,16,6.11
2026-02-28,Grocery,17,6,86.34,56.12,35,0.8691,1.0154,3,7,12.96
2026-03-01,Seafood,42,7,230.3,138.18,40,0.7243,1.0916,4,12,15.52
2026-03-02,Meat,67,7,365.47,219.28,40,1.0925,1.1398,5,15,18.33
2026-03-03,Meat,34,26,274.78,164.87,40,1.2094,0.6811,6,26,34
2026-03-04,Bakery,61,10,189.72,142.29,25,0.8909,2.4357,0,8,24.11
2026-03-05,Meat,58,24,242.47,206.1,15,0.7772,1.053,1,25,26.96
2026-03-06,Bakery,23,8,155.04,116.28,25,1.6829,1.6262,2,18,23
2026-03-07,Grocery,73,25,82.58,57.81,30,0.2534,1.1254,3,27,21.19
2026-03-08,Seafood,55,11,239.19,179.39,25,0.9252,0.9787,4,24,22.73
2026-03-09,Produce,51,15,188.24,122.36,35,2.1669,2.372,5,3,51
2026-03-10,Deli,20,4,180.38,108.23,40,1.0428,1.2129,6,17,7.9
2026-03-11,Dairy,38,16,424.74,361.03,15,1.3828,1.8246,0,8,28.53
2026-03-12,Deli,71,4,377.19,320.61,15,1.8302,1.4864,1,14,9.31
2026-03-13,Dairy,7,7,449.03,359.22,20,1.2279,1.3684,2,23,7
2026-03-14,Seafood,16,17,210.54,157.91,25,0.5007,1.0257,3,9,16
2026-03-15,Dairy,33,12,119.99,119.99,0,1.6538,0.3053,4,13,20.9
2026-03-16,Seafood,11,7,129.77,116.79,10,1.0724,0.4133,5,16,9.42
2026-03-17,Meat,44,4,178.27,142.62,20,1.3025,0.5543,6,15,4.24
2026-03-18,Grocery,32,4,126.55,88.58,30,0.9729,1.0467,0,9,5.95
2026-03-19,Grocery,11,8,337.53,253.15,25,0.9552,0.8307,1,5,9.97
2026-03-20,Dairy,41,14,389.58,233.75,40,1.7419,1.4779,2,30,39.65
2026-03-21,Meat,35,6,480.54,336.38,30,0.8351,1.606,3,24,10.71
2026-03-22,Seafood,20,23,182.72,127.9,30,1.3623,0.8449,4,21,20
2026-03-23,Grocery,68,13,329.28,263.42,20,1.0272,0.5316,5,3,19.05
2026-03-24,Dairy,18,1,171.7,111.6,35,1.5332,0.8749,6,12,3.59
2026-03-25,Dairy,51,5,122.08,122.08,0,1.687,1.5542,0,17,10.02
2026-03-26,Produce,45,29,88.78,62.15,30,1.2665,1.204,1,23,45
2026-03-27,Seafood,6,10,133.78,93.65,30,0.7865,0.7991,2,4,6
2026-03-28,Produce,31,8,313.83,203.99,35,1.5583,1.9486,3,18,29.85
2026-03-29,Bakery,9,7,326.32,277.37,15,1.6324,2.059,4,8,9
2026-03-30,Meat,29,18,137.25,123.53,10,0.7136,1.2655,5,16,23.35
2026-03-31,Dairy,34,20,168.97,101.38,40,1.7989,1.7956,6,30,34
2026-04-01,Seafood,13,16,476.73,333.71,30,0.7468,0.9976,0,26,13
2026-04-02,Grocery,22,25,414.31,248.59,40,1.1495,1.2918,1,30,22
2026-04-03,Bakery,41,25,307.71,261.55,15,1.4298,1.6906,2,12,41
2026-04-04,Grocery,80,18,253.4,177.38,30,1.2041,1.2207,3,7,38.93
2026-04-05,Dairy,4,1,434.29,304.0,30,0.3047,1.5551,4,14,3.06
2026-04-06,Grocery,42,16,329.5,296.55,10,0.6595,0.9291,5,6,16.84
2026-04-07,Grocery,75,30,102.12,66.38,35,1.5795,0.8628,6,25,73.26
2026-04-08,Grocery,50,21,355.82,231.28,35,0.676,1.4381,0,10,28.21
2026-04-09,Grocery,49,2,324.7,324.7,0,0.8367,0.5914,1,24,1.48
2026-04-10,Dairy,34,9,311.02,264.37,15,2.0774,2.2703,2,23,28.2
2026-04-11,Produce,52,30,213.89,192.5,10,1.5502,1.9549,3,11,52
2026-04-12,Produce,67,10,484.65,315.02,35,2.6131,1.163,4,27,54.73
2026-04-13,Produce,14,28,76.91,53.84,30,2.2176,1.5632,5,25,14
2026-04-14,Deli,24,1,412.78,412.78,0,1.8752,1.7092,6,16,2.56
2026-04-15,Meat,39,14,373.2,317.22,15,1.2103,1.2897,0,19,23.8
2026-04-16,Bakery,75,15,411.83,350.06,15,2.3436,2.0728,1,28,57.62
2026-04-17,Seafood,36,7,491.9,319.74,35,0.2516,1.1171,2,5,8.02
2026-04-18,Deli,51,3,84.22,75.8,10,1.5785,0.9385,3,18,6.74
2026-04-19,Grocery,15,22,29.52,22.14,25,1.0005,0.9639,4,6,15
2026-04-20,Dairy,3,17,203.44,152.58,25,0.7296,1.9639,5,13,3
2026-04-21,Meat,46,14,201.12,140.78,30,1.8094,1.0979,6,15,44.21
2026-04-22,Meat,48,2,439.71,395.74,10,0.8937,1.7672,0,15,2.65
2026-04-23,Produce,20,27,37.2,33.48,10,2.3854,1.6438,1,14,20
2026-04-24,Grocery,63,20,269.58,215.66,20,0.3894,1.4276,2,29,19.65
2026-04-25,Deli,49,1,439.88,307.92,30,1.066,0.9639,3,28,0.65
2026-04-26,Bakery,57,12,471.07,282.64,40,1.9002,2.8616,4,6,57
2026-04-27,Produce,40,13,313.41,266.4,15,2.9786,1.1052,5,4,40
2026-04-28,Dairy,14,16,168.14,100.88,40,0.6861,1.7409,6,6,14
2026-04-29,Grocery,72,22,139.43,111.54,20,1.4031,1.6326,0,25,42.24
2026-04-30,Bakery,44,6,453.76,340.32,25,1.5172,1.8771,1,18,19.73
2026-05-01,Produce,20,4,463.3,277.98,40,2.9052,2.4954,2,27,20
2026-05-02,Meat,46,3,204.08,132.65,35,0.4571,0.7715,3,30,1.68
2026-05-03,Grocery,32,26,131.19,118.07,10,0.9567,1.141,4,9,32
2026-05-04,Produce,76,4,199.68,139.78,30,2.7909,2.7544,5,3,25.92
2026-05-05,Deli,78,2,279.41,181.62,35,1.5657,1.1601,6,28,4.34
2026-05-06,Dairy,80,17,305.62,275.06,10,2.0938,1.0573,0,17,39.2
2026-05-07,Deli,40,5,422.68,253.61,40,1.099,1.016,1,30,10.55
2026-05-08,Seafood,7,27,309.47,232.1,25,1.4108,0.4876,2,11,7
2026-05-09,Seafood,76,23,252.18,201.74,20,0.4086,0.9132,3,13,14.15
2026-05-10,Dairy,29,27,427.83,342.26,20,2.5349,1.4547,4,30,29
2026-05-11,Seafood,65,6,370.51,277.88,25,1.36,0.8612,5,20,17.31
2026-05-12,Grocery,57,11,347.0,242.9,30,0.1244,1.0145,6,19,5.39
2026-05-13,Produce,39,10,355.78,284.62,20,1.7332,1.2793,0,28,27.73
2026-05-14,Meat,9,28,428.66,321.5,25,1.2954,0.9097,1,7,9
2026-05-15,Grocery,64,23,163.26,138.77,15,1.1581,1.5247,2,14,40.23
2026-05-16,Produce,76,28,73.43,62.42,15,2.9574,0.7797,3,24,76
2026-05-17,Seafood,10,6,70.62,42.37,40,0.9443,0.9801,4,21,10
2026-05-18,Grocery,54,5,141.38,127.24,10,0.9373,1.02,5,25,8.39
2026-05-19,Meat,51,6,393.53,354.18,10,1.2335,0.4497,6,23,6.89
2026-05-20,Grocery,4,12,82.0,73.8,10,0.7725,1.3094,0,19,4
2026-05-21,Dairy,78,1,297.17,178.3,40,1.371,2.2361,1,18,3.73
2026-05-22,Produce,58,23,166.72,141.71,15,1.5746,2.1763,2,30,58
2026-05-23,Seafood,26,18,217.53,217.53,0,0.4437,1.2082,3,5,12.32
2026-05-24,Meat,77,27,281.02,252.92,10,0.6373,1.105,4,24,27.77
2026-05-25,Bakery,79,6,355.23,355.23,0,0.735,1.4732,5,9,7.02
2026-05-26,Produce,14,6,292.19,292.19,0,2.2567,2.267,6,12,14
2026-05-27,Deli,24,18,225.95,225.95,0,1.2013,1.3107,0,12,24
2026-05-28,Produce,59,18,91.43,54.86,40,1.4931,1.7533,1,14,59
2026-05-29,Meat,68,18,124.67,112.2,10,1.0392,1.0148,2,30,24.66
2026-05-30,Seafood,20,7,311.02,248.82,20,0.9398,0.7176,3,26,8.48
2026-05-31,Meat,12,14,286.18,214.63,25,0.4865,1.5828,4,11,12
2026-06-01,Produce,21,14,279.55,251.6,10,2.1715,1.6736,5,23,21
2026-06-02,Produce,27,21,364.36,309.71,15,1.6463,2.1675,6,3,27
2026-06-03,Meat,12,8,153.31,137.98,10,1.0805,0.9641,0,13,8.04
2026-06-04,Produce,49,3,456.89,342.67,25,2.7592,2.8535,1,10,15.94
2026-06-05,Grocery,18,4,108.47,81.35,25,1.1572,0.5386,2,6,4.8
2026-06-06,Meat,76,12,436.06,327.05,25,0.4598,0.6606,3,15,12.08
2026-06-07,Dairy,71,12,287.04,186.58,35,2.6162,1.2674,4,3,63.66
2026-06-08,Produce,22,17,337.34,286.74,15,1.1738,2.6751,5,14,22
2026-06-09,Produce,34,25,347.15,225.65,35,2.367,1.8977,6,14,34
2026-06-10,Seafood,67,15,161.24,104.81,35,0.4027,0.8445,0,23,14.92
2026-06-11,Seafood,42,3,218.09,152.66,30,0.7954,1.1159,1,5,3.26
2026-06-12,Produce,14,8,103.43,103.43,0,2.4952,2.2495,2,3,14
2026-06-13,Grocery,68,22,467.91,397.72,15,0.7276,0.642,3,24,20.97
2026-06-14,Meat,18,23,217.6,174.08,20,1.64,0.8099,4,26,18
2026-06-15,Deli,70,8,349.94,349.94,0,0.5624,0.4731,5,24,2.97
2026-06-16,Seafood,31,17,108.04,75.63,30,1.1015,0.6256,6,15,31
2026-06-17,Dairy,17,12,185.53,148.42,20,1.3381,1.9312,0,30,17
2026-06-18,Bakery,41,10,254.48,190.86,25,2.0372,2.6602,1,12,38.68
2026-06-19,Produce,7,17,469.32,281.59,40,1.7945,2.061,2,17,7
2026-06-20,Deli,48,10,75.9,53.13,30,1.4079,1.0529,3,18,22.93
2026-06-21,Dairy,70,3,269.3,228.91,15,1.6922,0.6577,4,3,8.73
2026-06-22,Dairy,35,25,132.4,86.06,35,1.1481,1.8043,5,11,35
2026-06-23,Bakery,59,15,101.87,71.31,30,1.3104,1.7989,6,30,43.46
2026-06-24,Produce,17,7,115.04,115.04,0,2.4885,2.4671,0,24,15.72
2026-06-25,Dairy,37,16,81.43,48.86,40,1.6161,0.7326,1,25,37
2026-06-26,Dairy,54,11,263.38,171.2,35,2.3952,2.3319,2,14,54
2026-06-27,Meat,33,1,49.72,34.8,30,0.9072,0.6978,3,3,1.87
2026-06-28,Grocery,40,16,159.06,143.15,10,1.0181,0.7742,4,10,23.07
2026-06-29,Deli,17,25,435.48,348.38,20,1.6112,1.0087,5,18,17
2026-06-30,Produce,16,26,358.04,304.33,15,2.517,3.0924,6,6,16
2026-07-01,Dairy,7,13,155.08,124.06,20,1.2842,1.9281,0,22,7
2026-07-02,Dairy,9,3,205.67,154.25,25,1.0472,0.3015,1,4,4.62
2026-07-03,Meat,9,14,169.54,127.16,25,1.4994,0.583,2,25,9
2026-07-04,Grocery,43,8,450.18,382.65,15,1.1108,1.0249,3,18,11.52
2026-07-05,Deli,80,30,72.86,61.93,15,0.9102,1.194,4,13,52.4
2026-07-06,Deli,15,4,342.75,291.34,15,0.8627,1.7166,5,19,5.48
2026-07-07,Meat,33,12,333.87,267.1,20,1.6116,0.9783,6,6,25.21
2026-07-08,Dairy,80,21,82.17,65.74,20,1.7002,1.9578,0,22,62.69
2026-07-09,Deli,63,10,495.08,396.06,20,1.7818,0.9966,1,7,23.73
2026-07-10,Dairy,73,14,363.01,254.11,30,1.9524,1.1989,2,5,44.64
2026-07-11,Grocery,70,14,467.38,467.38,0,0.2466,1.1197,3,7,7.88
2026-07-12,Deli,75,2,53.88,43.1,20,1.1753,0.8382,4,5,2.96
2026-07-13,Dairy,68,15,207.47,134.86,35,0.5271,1.2091,5,8,26.68
2026-07-14,Bakery,76,6,128.46,128.46,0,2.6081,1.1426,6,19,10.18
2026-07-15,Deli,31,10,165.77,124.33,25,1.382,0.9912,0,4,19.13
2026-07-16,Meat,40,8,43.57,37.03,15,1.3902,1.0052,1,4,16.92
2026-07-17,Produce,29,8,278.93,278.93,0,3.0554,1.495,2,14,18.08
2026-07-18,Deli,73,3,150.42,127.86,15,0.7156,1.4696,3,29,3.74
2026-07-19,Bakery,48,27,129.16,96.87,25,1.993,2.4403,4,20,48
2026-07-20,Produce,77,28,75.56,49.11,35,2.5088,1.845,5,9,77
2026-07-21,Seafood,31,15,179.02,143.22,20,0.5943,0.4728,6,27,10.87
2026-07-22,Grocery,60,5,135.07,87.8,35,0.4881,1.4753,0,8,6.95
2026-07-23,Seafood,25,28,114.71,68.83,40,1.0107,1.0596,1,12,25
2026-07-24,Bakery,23,10,445.5,289.57,35,1.6442,1.4783,2,17,23
2026-07-25,Produce,15,13,369.05,313.69,15,2.5789,1.8414,3,22,15
2026-07-26,Bakery,52,13,34.84,34.84,0,1.8765,1.0262,4,5,26.47
2026-07-27,Deli,79,5,31.41,31.41,0,1.2861,1.3647,5,26,7.33
2026-07-28,Seafood,13,11,121.1,72.66,40,0.9404,0.3309,6,18,13
2026-07-29,Dairy,10,8,283.18,212.38,25,1.0876,1.3395,0,29,10
2026-07-30,Bakery,72,4,165.95,107.87,35,2.6733,2.7264,1,7,26.33
2026-07-31,Deli,39,21,132.3,86.0,35,1.2666,0.9793,2,6,39
2026-08-01,Grocery,17,6,131.65,98.74,25,0.6978,1.3241,3,5,10.73
2026-08-02,Bakery,22,20,109.58,76.71,30,2.7665,1.1399,4,7,22
2026-08-03,Produce,41,22,321.76,241.32,25,1.81,2.2291,5,11,41
2026-08-04,Seafood,12,30,399.71,339.75,15,0.667,0.9264,6,7,12
2026-08-05,Grocery,64,15,411.96,370.76,10,0.2173,0.6429,0,7,5.56
2026-08-06,Dairy,52,25,192.49,115.49,40,1.725,0.8858,1,16,52
2026-08-07,Meat,45,26,90.66,72.53,20,0.7391,1.3791,2,20,32.09
2026-08-08,Seafood,52,8,64.72,42.07,35,0.8115,0.4392,3,28,10.09
2026-08-09,Produce,14,8,136.72,136.72,0,2.395,3.1199,4,7,14
2026-08-10,Bakery,47,2,196.41,166.95,15,2.3433,1.7165,5,30,8.34
2026-08-11,Meat,56,30,140.19,112.15,20,1.2969,1.1618,6,15,56
2026-08-12,Produce,57,1,201.55,181.4,10,1.742,1.8776,0,29,1.97
2026-08-13,Meat,23,28,39.34,27.54,30,1.2822,1.2919,1,16,23
2026-08-14,Dairy,26,25,248.14,210.92,15,1.5775,1.4917,2,12,26
2026-08-15,Grocery,46,14,235.89,235.89,0,0.9533,1.17,3,27,14.58
2026-08-16,Dairy,23,17,30.16,19.6,35,1.4089,1.108,4,20,23
2026-08-17,Produce,36,27,461.6,346.2,25,1.8143,1.3905,5,19,36
2026-08-18,Grocery,30,5,215.19,215.19,0,1.7845,1.0371,6,26,8.84
2026-08-19,Meat,12,20,412.87,247.72,40,0.5457,1.1679,0,4,12
2026-08-20,Seafood,57,12,117.5,105.75,10,1.0731,1.1031,1,27,17.51
2026-08-21,Seafood,6,11,138.78,117.96,15,0.7881,0.8744,2,12,6
2026-08-22,Dairy,28,18,328.23,328.23,0,0.9943,1.5115,3,21,21.55
2026-08-23,Meat,75,2,493.58,296.15,40,1.4209,1.1812,4,14,6.4
2026-08-24,Seafood,53,10,262.6,183.82,30,0.8857,0.905,5,7,14.19
2026-08-25,Produce,15,22,182.38,164.14,10,0.7909,1.9858,6,18,15
2026-08-26,Meat,7,28,162.81,138.39,15,1.2018,1.0449,0,23,7
2026-08-27,Bakery,32,23,445.09,378.33,15,1.8441,1.4822,1,26,32
2026-08-28,Meat,69,21,466.86,326.8,30,0.995,0.9344,2,12,36.51
2026-01-01,Deli,58,20,44.01,28.61,35,1.2979,2.4245,3,21,54.17
2026-01-02,Produce,15,16,407.25,346.16,15,0.9033,2.0529,4,30,15
2026-01-03,Seafood,14,26,261.98,157.19,40,0.6137,1.4798,5,14,14
2026-01-04,Deli,12,3,110.11,66.07,40,1.4892,1.1797,6,11,10.59
2026-01-05,Seafood,59,29,333.89,283.81,15,1.6816,0.6339,0,12,47.21
2026-01-06,Grocery,19,14,234.39,164.07,30,1.0245,0.6815,1,19,19
2026-01-07,Grocery,8,9,319.79,319.79,0,0.9852,0.7755,2,30,8
2026-01-08,Bakery,51,10,100.15,65.1,35,1.7283,2.0329,3,30,37.76
2026-01-09,Grocery,14,22,190.75,114.45,40,0.5302,0.4975,4,26,14
2026-01-10,Bakery,53,30,389.9,311.92,20,1.8585,1.6394,5,13,53
2026-01-11,Meat,30,16,358.59,215.15,40,1.4192,1.3391,6,7,30
2026-01-12,Produce,43,7,294.9,191.69,35,1.5234,3.0082,0,28,30.71
2026-01-13,Grocery,30,16,50.69,50.69,0,1.5077,0.8666,1,5,20.8
2026-01-14,Dairy,38,3,217.41,163.06,25,2.2403,1.846,2,16,9.75
2026-01-15,Meat,36,7,112.44,112.44,0,1.7932,1.49,3,8,10.22
2026-01-16,Dairy,56,12,253.77,215.7,15,2.2355,1.971,4,25,42.42
2026-01-17,Meat,4,13,291.43,233.14,20,1.6047,1.3301,5,29,4
2026-01-18,Produce,43,24,31.74,19.04,40,1.5862,2.6457,6,13,43
2026-01-19,Bakery,55,26,149.83,149.83,0,3.3054,1.7045,0,23,55
2026-01-20,Meat,7,4,128.85,103.08,20,0.6733,0.7363,1,8,4.82
2026-01-21,Meat,30,13,190.34,152.27,20,1.597,1.0236,2,3,30
2026-01-22,Deli,42,29,263.49,237.14,10,1.2694,1.0369,3,17,39.32
2026-01-23,Grocery,48,14,192.3,125.0,35,0.4106,0.9259,4,16,16.84
2026-01-24,Deli,73,6,307.57,199.92,35,1.3707,0.6885,5,25,18.7
2026-01-25,Produce,39,14,358.49,322.64,10,3.2671,1.9684,6,22,39
2026-01-26,Grocery,66,4,381.22,343.1,10,1.3077,0.7628,0,28,4.08
2026-01-27,Bakery,40,22,429.56,343.65,20,1.9176,2.386,1,18,40
2026-01-28,Bakery,62,12,221.14,143.74,35,2.0824,2.3226,2,10,56.69
2026-01-29,Meat,37,10,442.81,332.11,25,0.8068,1.7665,3,3,20.37
2026-01-30,Grocery,4,2,37.47,26.23,30,0.7176,1.196,4,26,2.24
2026-01-31,Meat,45,11,105.95,68.87,35,1.1532,1.988,5,29,34.5
2026-02-01,Bakery,76,26,228.82,148.73,35,2.6478,2.1302,6,13,76
2026-02-02,Meat,58,6,134.71,114.5,15,0.5562,1.0875,0,23,5.87
2026-02-03,Deli,73,27,100.55,70.38,30,0.4104,1.2456,1,16,32.79
2026-02-04,Bakery,78,21,97.7,87.93,10,1.6717,1.7467,2,23,46.55
2026-02-05,Produce,48,25,113.61,90.89,20,0.05,1.7841,3,10,26.44
2026-02-06,Produce,51,25,390.94,390.94,0,1.7443,3.3855,4,21,51
2026-02-07,Seafood,17,4,243.09,218.78,10,0.5775,1.0721,5,8,4.68
2026-02-08,Bakery,66,3,426.2,340.96,20,1.2335,2.1976,6,23,8.16
2026-02-09,Bakery,56,7,203.25,142.27,30,1.8339,1.405,0,8,20.18
2026-02-10,Dairy,4,10,454.23,454.23,0,1.8564,1.7769,1,22,4
2026-02-11,Meat,23,1,272.83,204.62,25,2.127,1.2934,2,3,2.8
2026-02-12,Meat,69,1,268.08,227.87,15,1.1771,1.4074,3,7,1.85
2026-02-13,Dairy,19,3,152.11,91.27,40,1.4236,1.562,4,25,11.86
2026-02-14,Meat,40,21,246.85,148.11,40,0.2429,1.4121,5,9,29.48
2026-02-15,Produce,38,28,481.89,433.7,10,1.751,1.1148,6,12,38
2026-02-16,Dairy,29,26,478.04,286.82,40,0.9784,1.6986,0,13,29
2026-02-17,Meat,80,4,206.95,165.56,20,0.9256,0.8086,1,23,4.85
2026-02-18,Seafood,60,3,104.44,104.44,0,1.1323,0.8463,2,23,2.03
2026-02-19,Meat,53,12,39.22,33.34,15,1.3813,1.2267,3,8,19.53
2026-02-20,Deli,12,8,127.21,89.05,30,0.6935,1.651,4,3,12
2026-02-21,Produce,30,11,246.05,172.23,30,2.4261,2.6198,5,15,30
2026-02-22,Deli,30,20,275.45,247.91,10,0.5816,0.9865,6,24,21.61
2026-02-23,Bakery,56,19,349.01,226.86,35,1.4213,1.604,0,9,56
2026-02-24,Bakery,66,26,261.86,196.4,25,1.5146,1.932,1,15,66
2026-02-25,Dairy,5,19,160.39,160.39,0,1.9109,1.8128,2,29,5
2026-02-26,Grocery,71,2,461.07,461.07,0,0.9669,1.0464,3,16,0.55
2026-02-27,Produce,38,10,175.67,122.97,30,2.2477,1.3801,4,13,38
2026-02-28,Grocery,9,20,211.83,127.1,40,0.4994,1.018,5,22,9
2026-03-01,Bakery,31,1,47.72,47.72,0,1.1534,2.9035,6,30,3.36
2026-03-02,Produce,58,24,132.51,119.26,10,2.5455,3.2066,0,3,58
2026-03-03,Produce,9,28,148.35,148.35,0,3.1092,3.1164,1,5,9
2026-03-04,Deli,51,11,153.21,130.23,15,1.695,0.9833,2,7,24.81
2026-03-05,Seafood,55,19,327.53,294.78,10,1.089,0.7016,3,18,23.02
2026-03-06,Produce,38,16,177.91,106.75,40,2.0829,2.4642,4,20,38
2026-03-07,Seafood,34,28,338.25,270.6,20,1.0255,0.8638,5,18,34
2026-03-08,Bakery,4,7,343.49,206.09,40,1.9696,1.4834,6,21,4
2026-03-09,Seafood,68,17,432.77,324.58,25,1.0316,0.7984,0,30,20.72
2026-03-10,Meat,19,4,128.92,90.24,30,0.782,1.3385,1,15,5.87
2026-03-11,Dairy,38,3,225.97,169.48,25,1.2571,2.0633,2,6,7.18
2026-03-12,Dairy,16,15,378.89,303.11,20,2.0804,1.552,3,19,16
2026-03-13,Grocery,36,12,81.2,73.08,10,1.3958,0.8736,4,15,22.42
2026-03-14,Meat,68,14,183.53,110.12,40,1.0753,1.2482,5,16,32.99
2026-03-15,Dairy,27,10,216.28,162.21,25,0.8151,0.9841,6,16,14.63
2026-03-16,Bakery,9,22,332.01,298.81,10,1.8396,1.9752,0,5,9
2026-03-17,Meat,38,4,132.57,86.17,35,1.1674,0.9813,1,26,8.83
2026-03-18,Seafood,37,29,260.21,221.18,15,0.9648,0.6567,2,26,34.0
2026-03-19,Bakery,26,4,264.04,158.42,40,2.6245,1.7276,3,25,17.32
2026-03-20,Dairy,43,6,348.69,296.39,15,1.932,2.3916,4,18,20.87
2026-03-21,Grocery,5,11,109.32,81.99,25,1.0436,1.1348,5,27,5
2026-03-22,Seafood,79,1,192.27,115.36,40,0.584,0.744,6,29,1.26
2026-03-23,Bakery,40,19,421.8,358.53,15,2.1032,1.8293,0,6,40
2026-03-24,Deli,45,26,239.99,167.99,30,1.5233,1.1822,1,3,45
2026-03-25,Seafood,41,12,362.32,217.39,40,0.9254,1.212,2,26,26.81
2026-03-26,Produce,21,1,489.85,391.88,20,1.7914,1.7207,3,26,2.36
2026-03-27,Produce,49,14,123.0,110.7,10,2.0071,2.516,4,23,49
2026-03-28,Bakery,72,9,452.13,271.28,40,3.0834,1.7123,5,14,70.39
2026-03-29,Deli,78,13,223.21,167.41,25,2.0217,1.162,6,19,39.71
2026-03-30,Produce,18,11,230.89,138.53,40,0.8658,1.5672,0,3,18
2026-03-31,Grocery,21,30,246.5,209.53,15,1.1387,0.7544,1,20,21
2026-04-01,Produce,41,6,256.24,230.62,10,2.0382,1.8988,2,21,18.19
2026-04-02,Bakery,65,2,170.27,110.68,35,1.9308,1.1867,3,4,9.84
2026-04-03,Deli,47,5,442.39,376.03,15,1.8359,1.0368,4,16,15.04
2026-04-04,Meat,13,30,163.13,163.13,0,1.5887,0.7955,5,28,13
2026-04-05,Produce,52,21,225.72,203.15,10,3.2317,1.16,6,16,52
2026-04-06,Produce,44,29,407.08,346.02,15,1.7527,1.8372,0,7,44
2026-04-07,Grocery,28,18,168.0,151.2,10,0.7653,1.6564,1,28,20.68
2026-04-08,Seafood,15,14,90.84,54.5,40,0.9485,0.7901,2,24,15
2026-04-09,Produce,62,12,193.24,115.94,40,1.3685,2.2953,3,27,53.27
2026-04-10,Grocery,20,3,317.22,237.92,25,1.0775,1.0902,4,14,4.08
2026-04-11,Dairy,72,20,452.46,339.34,25,2.4571,1.7869,5,17,72
2026-04-12,Seafood,69,25,243.6,243.6,0,1.2337,1.0847,6,23,31.01
2026-04-13,Bakery,79,11,71.26,53.45,25,0.9154,1.4694,0,21,20.87
2026-04-14,Produce,9,17,358.25,304.51,15,1.7318,0.5486,1,7,9
2026-04-15,Dairy,22,29,167.92,125.94,25,1.2625,0.4631,2,9,22
2026-04-16,Bakery,3,3,97.69,87.92,10,0.9725,1.3962,3,6,3
2026-04-17,Grocery,67,1,235.81,235.81,0,1.2642,0.8865,4,10,0.93
2026-04-18,Seafood,72,28,148.63,89.18,40,0.9205,1.1372,5,16,58.5
2026-04-19,Dairy,5,21,112.78,90.22,20,1.9124,2.1505,6,12,5
2026-04-20,Deli,15,22,480.57,288.34,40,1.0619,1.0058,0,15,15
2026-04-21,Produce,16,26,245.38,159.5,35,2.3412,2.393,1,21,16
2026-04-22,Deli,59,2,45.25,31.67,30,1.4858,1.5934,2,26,5.15
2026-04-23,Grocery,4,9,491.33,343.93,30,0.3047,0.9976,3,19,4
2026-04-24,Grocery,11,17,107.89,91.71,15,1.7325,0.7144,4,13,11
2026-04-25,Grocery,20,23,157.21,117.91,25,1.1166,0.9478,5,18,20
2026-04-26,Meat,26,22,298.62,223.97,25,0.7252,1.3007,6,21,26
2026-04-27,Deli,54,19,57.1,57.1,0,1.3479,1.0301,0,24,23.01
2026-04-28,Grocery,32,11,491.13,392.9,20,1.0946,1.4878,1,26,22.13
2026-04-29,Grocery,56,25,463.13,463.13,0,0.8683,0.9043,2,27,22.53
2026-04-30,Deli,6,20,463.69,324.58,30,1.0659,1.5067,3,7,6
2026-05-01,Produce,74,19,119.87,89.9,25,0.9466,2.0505,4,16,53.83
2026-05-02,Seafood,27,17,65.86,65.86,0,1.4125,0.6237,5,9,20.43
2026-05-03,Bakery,20,26,449.31,314.52,30,1.9246,1.1083,6,24,20
2026-05-04,Produce,70,30,260.68,208.54,20,1.5194,1.3855,0,14,68.92
2026-05-05,Deli,74,20,430.38,387.34,10,0.6543,1.389,1,7,24.19
2026-05-06,Seafood,41,17,72.93,43.76,40,0.6091,0.9446,2,13,27.52
2026-05-07,Bakery,40,8,463.08,347.31,25,1.3421,2.123,3,12,24.18
2026-05-08,Bakery,76,18,139.66,104.75,25,1.5347,1.6513,4,25,60.88
2026-05-09,Bakery,63,19,470.04,352.53,25,1.7078,1.6865,5,27,63
2026-05-10,Bakery,29,5,284.87,199.41,30,1.9998,2.5081,6,4,19.9
2026-05-11,Dairy,12,16,407.69,407.69,0,1.3861,1.6421,0,5,12
2026-05-12,Meat,19,16,153.49,153.49,0,1.4171,1.4069,1,10,19
2026-05-13,Produce,58,12,251.86,201.49,20,2.2341,2.0272,2,20,46.44
2026-05-14,Meat,51,28,348.92,348.92,0,0.4045,0.9978,3,27,15.75
2026-05-15,Grocery,19,23,229.12,148.93,35,0.8349,0.9545,4,14,19
2026-05-16,Deli,46,7,232.35,232.35,0,1.5922,1.2117,5,3,12.79
2026-05-17,Dairy,71,14,294.82,294.82,0,1.7784,1.2561,6,17,23.69
2026-05-18,Dairy,8,10,174.21,139.37,20,1.5627,1.7372,0,15,8
2026-05-19,Grocery,18,22,336.88,303.19,10,0.9995,1.3758,1,14,18
2026-05-20,Seafood,59,8,363.74,254.62,30,0.9164,0.9424,2,23,11.31
2026-05-21,Dairy,37,17,176.46,158.81,10,2.5634,1.8217,3,11,37
2026-05-22,Bakery,20,7,424.68,339.74,20,0.9555,1.5681,4,6,17.81
2026-05-23,Deli,21,24,42.04,33.63,20,1.0059,0.7057,5,18,21
2026-05-24,Seafood,37,2,157.03,102.07,35,0.9444,0.6821,6,4,5.71
2026-05-25,Deli,52,28,260.29,169.19,35,1.1052,1.2719,0,16,52
2026-05-26,Meat,42,2,39.87,27.91,30,1.3364,1.7687,1,27,4.05
2026-05-27,Deli,36,30,409.87,327.9,20,1.2175,0.8716,2,16,36
2026-05-28,Seafood,10,24,408.51,265.53,35,0.6047,1.4991,3,12,10
2026-05-29,Seafood,62,18,226.32,169.74,25,1.0612,1.1256,4,7,36.1
2026-05-30,Bakery,38,9,65.63,52.5,20,0.3679,1.8605,5,21,11.98
2026-05-31,Grocery,38,2,196.81,147.61,25,1.1291,0.4643,6,21,2.55
2026-06-01,Produce,36,11,427.61,256.57,40,1.7736,1.3716,0,17,36
2026-06-02,Bakery,64,12,327.93,262.34,20,1.1037,2.1861,1,20,33.84
2026-06-03,Deli,59,3,110.41,82.81,25,1.6292,1.1748,2,10,9.31
2026-06-04,Produce,21,6,438.84,438.84,0,2.1109,2.8697,3,17,14.92
2026-06-05,Meat,8,11,287.87,230.3,20,1.5192,1.5849,4,11,8
2026-06-06,Deli,48,1,281.71,281.71,0,0.8856,1.0027,5,19,1.63
2026-06-07,Bakery,29,8,179.75,125.82,30,2.1192,2.1894,6,5,29
2026-06-08,Produce,39,14,92.96,65.07,30,1.4822,1.6469,0,14,39
2026-06-09,Grocery,6,10,101.15,101.15,0,0.8836,0.9565,1,21,6
2026-06-10,Bakery,80,4,125.45,87.81,30,0.7048,1.7362,2,14,5.97
2026-06-11,Dairy,77,13,40.48,34.41,15,1.4644,0.3442,3,5,27.79
2026-06-12,Bakery,31,30,293.57,190.82,35,1.4892,1.7334,4,22,31
2026-06-13,Grocery,70,22,272.16,190.51,30,0.567,0.9314,5,12,33.6
2026-06-14,Dairy,34,11,404.53,283.17,30,1.5547,1.8885,6,17,34
2026-06-15,Produce,55,29,196.89,137.82,30,1.8143,1.7778,0,14,55
2026-06-16,Produce,80,16,134.42,87.37,35,2.1665,3.1164,1,10,80
2026-06-17,Seafood,55,30,345.2,293.42,15,0.8402,0.5207,2,13,27.61
2026-06-18,Deli,13,4,219.04,186.18,15,0.6721,0.9658,3,17,4.58
2026-06-19,Bakery,18,6,223.85,134.31,40,0.4621,1.7874,4,4,12.52
2026-06-20,Seafood,6,14,352.77,317.49,10,1.3261,1.3008,5,14,6
2026-06-21,Dairy,74,13,139.68,104.76,25,0.9435,2.2041,6,13,33.83
2026-06-22,Meat,16,20,497.21,497.21,0,1.8754,1.4321,0,23,16
2026-06-23,Grocery,58,24,162.41,97.45,40,0.7619,0.8496,1,26,30.42
2026-06-24,Seafood,68,19,64.8,64.8,0,0.6481,0.7561,2,17,11.75
2026-06-25,Dairy,78,17,157.67,141.9,10,1.0863,1.5584,3,4,30.24
2026-06-26,Meat,70,17,300.42,195.27,35,1.0167,1.4169,4,4,41.78
2026-06-27,Seafood,29,24,229.51,172.13,25,0.1205,0.5675,5,6,9.87
2026-06-28,Deli,24,10,81.31,60.98,25,0.9022,1.2215,6,11,19.18
2026-06-29,Meat,16,25,464.15,348.11,25,1.8965,1.2421,0,29,16
2026-06-30,Meat,24,25,37.99,37.99,0,1.5645,0.9974,1,29,24
2026-07-01,Seafood,50,1,121.49,78.97,35,0.8653,0.8632,2,29,0.78
2026-07-02,Grocery,17,10,365.22,328.7,10,0.6501,1.1093,3,11,9.22
2026-07-03,Produce,17,22,485.01,436.51,10,3.3949,1.9847,4,5,17
2026-07-04,Deli,67,6,184.29,110.57,40,0.8566,0.8841,5,13,12.92
2026-07-05,Bakery,15,14,467.87,327.51,30,0.8273,2.0525,6,29,15
2026-07-06,Produce,4,2,141.81,92.18,35,2.3427,1.6954,0,18,4
2026-07-07,Seafood,66,6,159.23,127.38,20,1.2345,0.8229,1,19,9.51
2026-07-08,Seafood,30,24,26.52,23.87,10,0.4677,0.9217,2,25,17.68
2026-07-09,Deli,51,20,324.74,259.79,20,1.0855,0.9314,3,24,29.38
2026-07-10,Dairy,41,29,424.33,318.25,25,1.1996,1.0455,4,20,41
2026-07-11,Grocery,15,10,128.99,96.74,25,0.6556,0.7142,5,10,12.98
2026-07-12,Produce,17,14,108.69,76.08,30,1.6555,1.5307,6,18,17
2026-07-13,Seafood,65,26,310.5,248.4,20,0.9985,1.1097,0,9,37.42
2026-07-14,Seafood,55,26,53.88,37.72,30,0.8799,1.1354,1,15,40.26
2026-07-15,Deli,9,30,152.45,121.96,20,1.4861,0.8442,2,12,9
2026-07-16,Grocery,31,14,296.94,252.4,15,0.4069,0.883,3,22,13.58
2026-07-17,Deli,80,5,281.39,281.39,0,1.9049,1.2506,4,25,9.19
2026-07-18,Deli,48,30,389.25,350.32,10,0.9143,0.84,5,8,37.67
2026-07-19,Seafood,53,18,433.37,346.7,20,1.0597,0.86,6,14,28.75
2026-07-20,Deli,30,14,287.65,230.12,20,1.3059,1.1641,0,6,30
2026-07-21,Meat,65,13,45.09,33.82,25,1.2147,1.0242,1,27,26.4
2026-07-22,Produce,7,8,154.42,138.98,10,2.2629,1.4606,2,11,7
2026-07-23,Seafood,12,3,60.1,39.07,35,1.2397,1.3413,3,20,7.44
2026-07-24,Meat,22,30,70.39,45.75,35,1.2801,1.5229,4,19,22
2026-07-25,Produce,41,1,155.17,124.14,20,2.5725,3.2829,5,21,7.55
2026-07-26,Grocery,40,13,229.03,183.22,20,1.4394,0.9205,6,20,18.35
2026-07-27,Meat,51,8,33.18,19.91,40,1.1878,0.9859,0,27,11.19
2026-07-28,Meat,16,23,239.83,239.83,0,0.8764,1.2442,1,23,16
2026-07-29,Deli,21,11,409.6,368.64,10,1.5944,1.381,2,30,21
2026-07-30,Grocery,34,19,64.85,42.15,35,0.7051,0.7729,3,10,23.76
2026-07-31,Bakery,66,25,144.71,108.53,25,0.997,1.739,4,4,55.74
2026-08-01,Deli,75,23,309.4,309.4,0,1.1673,1.4451,5,18,29.55
2026-08-02,Deli,33,21,177.87,106.72,40,1.0141,0.4908,6,26,33
2026-08-03,Bakery,16,30,227.21,204.49,10,1.0476,2.4394,0,8,16
2026-08-04,Dairy,17,15,43.55,28.31,35,2.2422,0.869,1,19,17
2026-08-05,Grocery,73,5,223.62,223.62,0,0.8916,1.3071,2,24,4.27
2026-08-06,Deli,44,17,317.17,222.02,30,2.1122,1.0003,3,12,44
2026-08-07,Meat,29,22,406.34,284.44,30,0.8093,1.0695,4,26,29
2026-08-08,Produce,20,28,103.01,61.81,40,2.3796,2.6214,5,7,20
2026-08-09,Grocery,3,3,173.12,138.5,20,1.0487,1.1265,6,22,3
2026-08-10,Grocery,23,20,56.72,45.38,20,1.0402,0.9716,0,9,23
2026-08-11,Deli,57,10,302.62,226.97,25,0.7183,1.6551,1,23,19.05
2026-08-12,Produce,12,7,306.5,275.85,10,1.6396,1.941,2,11,12
2026-08-13,Meat,19,4,403.52,262.29,35,0.7805,1.597,3,28,6.55
2026-08-14,Produce,63,28,124.42,124.42,0,1.6913,2.3753,4,5,48.04
2026-08-15,Seafood,21,20,93.08,55.85,40,1.0964,0.7309,5,19,21
2026-08-16,Seafood,57,15,340.8,238.56,30,0.8373,0.7521,6,10,25.41
2026-08-17,Meat,51,13,392.61,235.57,40,0.6493,1.5981,0,22,21.46
2026-08-18,Seafood,24,7,474.11,355.58,25,1.016,0.7757,1,20,7.44
2026-08-19,Grocery,35,16,350.55,227.86,35,0.8735,0.8466,2,27,28.1
2026-08-20,Produce,57,12,126.55,101.24,20,0.974,1.7213,3,26,25.86
2026-08-21,Bakery,59,7,196.47,157.18,20,2.3428,1.8164,4,11,32.08
2026-08-22,Meat,4,30,313.22,313.22,0,1.3059,0.8155,5,15,4
2026-08-23,Bakery,35,23,155.23,155.23,0,2.9538,1.6187,6,22,35
2026-08-24,Produce,65,15,107.54,96.79,10,0.7848,2.141,0,25,22.17
2026-08-25,Dairy,25,23,438.68,372.88,15,2.3633,1.9241,1,25,25
2026-08-26,Bakery,15,11,432.5,324.38,25,2.265,2.1529,2,22,15
2026-08-27,Produce,45,1,422.7,295.89,30,2.3412,1.7811,3,14,6.49
2026-08-28,Meat,54,1,222.78,222.78,0,1.0469,1.6656,4,19,1.89
2026-01-01,Dairy,37,24,64.89,38.93,40,2.1911,1.6701,5,23,37
2026-01-02,Produce,3,27,172.8,120.96,30,1.3344,2.4967,6,29,3
2026-01-03,Produce,75,3,466.88,420.19,10,2.2272,2.1744,0,21,8.23
2026-01-04,Produce,24,1,399.65,319.72,20,1.5551,1.5686,1,26,1.95
2026-01-05,Dairy,27,10,380.02,323.02,15,1.3098,1.9081,2,21,20.95
2026-01-06,Deli,31,14,421.76,316.32,25,1.5305,1.3673,3,12,31
2026-01-07,Deli,59,23,150.66,90.4,40,0.955,1.4702,4,29,59
2026-01-08,Produce,24,22,42.45,27.59,35,1.1566,2.4345,5,25,24
2026-01-09,Grocery,39,12,123.54,92.66,25,1.5077,1.2791,6,4,26.69
2026-01-10,Bakery,26,17,250.72,150.43,40,2.5065,1.3545,0,15,26
2026-01-11,Produce,7,19,178.13,160.32,10,1.0299,1.1204,1,13,7
2026-01-12,Deli,15,21,113.88,79.72,30,1.2218,1.0602,2,8,15
2026-01-13,Seafood,59,1,409.38,245.63,40,0.4964,0.6694,3,10,1.01
2026-01-14,Deli,50,24,310.45,186.27,40,0.7276,1.068,4,10,44.36
2026-01-15,Seafood,67,30,76.23,49.55,35,1.0178,0.2377,5,19,50.93
2026-01-16,Dairy,41,30,446.13,356.9,20,1.5738,2.0562,6,7,41
2026-01-17,Dairy,45,22,399.57,399.57,0,1.9438,1.4282,0,17,37.01
2026-01-18,Grocery,61,6,25.4,21.59,15,0.3737,1.0565,1,12,5.19
2026-01-19,Bakery,33,6,432.44,281.09,35,2.1983,2.0171,2,14,25.97
2026-01-20,Bakery,23,16,188.74,113.24,40,0.6831,1.2858,3,9,23
2026-01-21,Grocery,51,22,419.89,335.91,20,1.0129,0.8658,4,7,39.24
2026-01-22,Grocery,44,25,451.56,293.51,35,1.4291,0.6959,5,14,44
2026-01-23,Grocery,78,22,37.78,32.11,15,1.0376,0.7139,6,22,24.82
2026-01-24,Meat,53,25,459.43,367.54,20,1.7055,1.2377,0,9,53
2026-01-25,Deli,14,14,186.3,158.36,15,0.8928,1.3327,1,4,14
2026-01-26,Deli,25,14,102.68,92.41,10,1.7087,1.0541,2,24,25
2026-01-27,Produce,54,4,406.69,406.69,0,2.1952,2.2669,3,3,6.37
2026-01-28,Grocery,54,21,225.67,225.67,0,0.9767,0.9242,4,23,25.17
2026-01-29,Bakery,60,20,263.48,158.09,40,1.5129,0.7883,5,8,60
2026-01-30,Grocery,52,18,438.4,394.56,10,0.9699,1.1594,6,25,24.38
2026-01-31,Meat,28,9,269.58,161.75,40,0.7051,1.2468,0,17,18.23
2026-02-01,Deli,79,2,351.03,263.27,25,1.4094,0.718,1,27,4.82
2026-02-02,Seafood,72,1,151.94,113.95,25,0.8631,0.9397,2,22,1.01
2026-02-03,Bakery,7,12,277.35,180.28,35,2.599,1.802,3,6,7
2026-02-04,Dairy,21,24,325.64,211.67,35,1.8776,1.2414,4,29,21
2026-02-05,Seafood,70,30,295.31,295.31,0,1.0138,1.1312,5,7,37.59
2026-02-06,Meat,15,24,206.41,185.77,10,0.8129,1.5,6,8,15
2026-02-07,Produce,13,9,422.51,274.63,35,2.6709,3.0405,0,21,13
2026-02-08,Deli,68,10,281.1,224.88,20,1.1544,1.093,1,16,16.08
2026-02-09,Deli,26,24,156.51,156.51,0,1.07,0.575,2,24,18.87
2026-02-10,Deli,3,9,218.41,218.41,0,1.3229,0.6839,3,28,3
2026-02-11,Produce,15,11,130.13,130.13,0,2.7705,1.892,4,22,15
2026-02-12,Deli,80,24,417.81,271.58,35,0.9516,0.9592,5,3,44.24
2026-02-13,Deli,43,11,189.52,113.71,40,1.8217,1.609,6,18,43
2026-02-14,Dairy,24,18,344.67,258.5,25,0.8673,1.8789,0,18,24
2026-02-15,Meat,13,12,123.59,86.51,30,1.0325,0.9168,1,17,13
2026-02-16,Produce,6,15,99.05,84.19,15,1.3585,1.4552,2,27,6
2026-02-17,Deli,65,18,495.1,321.81,35,1.5623,1.3683,3,22,51.79
2026-02-18,Seafood,15,4,212.98,170.38,20,1.3092,0.8826,4,27,8.61
2026-02-19,Produce,73,13,219.05,175.24,20,2.3714,1.2935,5,13,56.52
2026-02-20,Seafood,16,12,340.51,238.36,30,0.5116,0.8952,6,27,13.31
2026-02-21,Grocery,60,10,99.56,84.63,15,1.3517,0.9801,0,29,15.37
2026-02-22,Deli,62,25,336.69,303.02,10,0.7458,1.5505,1,23,33.93
2026-02-23,Bakery,31,20,90.82,81.74,10,1.6957,1.0895,2,3,31
2026-02-24,Deli,34,20,104.07,62.44,40,0.7854,0.3876,3,28,31.95
2026-02-25,Produce,73,13,267.88,214.3,20,2.1351,2.2098,4,14,54.11
2026-02-26,Produce,33,28,108.23,86.58,20,1.7428,2.4484,5,17,33
2026-02-27,Grocery,80,8,235.74,188.59,20,0.8532,1.2332,6,19,6.36
2026-02-28,Produce,80,4,422.99,359.54,15,2.0361,2.9596,0,24,16.13
2026-03-01,Produce,69,14,497.88,323.62,35,2.4942,2.5634,1,11,69
2026-03-02,Produce,18,18,365.0,365.0,0,0.7839,2.424,2,29,18
2026-03-03,Seafood,8,24,197.6,118.56,40,1.1112,0.7748,3,7,8
2026-03-04,Seafood,77,9,382.95,344.65,10,0.8473,0.646,4,10,9.69
2026-03-05,Seafood,29,16,150.64,105.45,30,0.7549,0.8335,5,25,24.18
2026-03-06,Grocery,34,25,384.57,269.2,30,0.8934,1.3123,6,21,34
2026-03-07,Deli,7,20,386.63,328.64,15,0.5665,1.1182,0,14,7
2026-03-08,Meat,40,12,170.66,145.06,15,0.8009,0.984,1,7,13.35
2026-03-09,Produce,19,26,94.6,70.95,25,0.981,2.2931,2,10,19
2026-03-10,Bakery,30,28,302.03,256.73,15,1.3785,1.5887,3,19,30
2026-03-11,Grocery,24,16,486.89,413.86,15,0.4305,0.6979,4,19,11.18
2026-03-12,Deli,65,13,332.98,199.79,40,1.6047,1.885,5,13,61.94
2026-03-13,Dairy,29,10,131.55,98.66,25,1.6136,0.936,6,6,22.12
2026-03-14,Produce,48,7,261.93,261.93,0,2.725,1.0204,0,10,15.0
2026-03-15,Produce,49,7,340.52,221.34,35,1.1653,0.9636,1,19,13.73
2026-03-16,Bakery,73,9,481.79,433.61,10,2.0102,1.7662,2,11,21.58
2026-03-17,Seafood,26,24,352.61,282.09,20,0.8032,0.9582,3,8,26
2026-03-18,Bakery,37,20,287.19,258.47,10,1.7557,0.9228,4,7,37
2026-03-19,Meat,10,10,123.67,98.94,20,0.6849,0.7262,5,17,10
2026-03-20,Bakery,9,18,176.46,158.81,10,1.9035,2.0536,6,20,9
2026-03-21,Meat,79,7,256.43,256.43,0,1.2277,0.5288,0,6,5.26
2026-03-22,Produce,59,29,394.26,315.41,20,1.1574,1.5484,1,11,59
2026-03-23,Seafood,79,14,153.6,130.56,15,0.05,0.7529,2,12,5.96
2026-03-24,Produce,36,10,436.95,349.56,20,1.4291,2.759,3,6,27.03
2026-03-25,Seafood,65,6,28.1,16.86,40,0.8915,0.7306,4,27,11.71
2026-03-26,Grocery,41,22,69.92,41.95,40,0.7073,1.3823,5,6,41
2026-03-27,Seafood,30,8,170.92,128.19,25,0.7145,0.7586,6,6,11.33
2026-03-28,Produce,29,10,296.23,251.8,15,1.7957,2.3504,0,8,26.49
2026-03-29,Meat,23,22,179.7,107.82,40,1.2434,0.7684,1,27,23
2026-03-30,Produce,32,9,468.1,280.86,40,3.2162,1.5437,2,26,32
2026-03-31,Deli,43,27,238.61,155.1,35,1.4606,0.637,3,3,43
2026-04-01,Seafood,10,13,485.12,339.58,30,0.7947,0.7824,4,29,10
2026-04-02,Produce,29,7,339.48,254.61,25,2.15,1.8388,5,13,29
2026-04-03,Grocery,51,26,179.7,143.76,20,1.1426,0.6024,6,5,34.62
2026-04-04,Dairy,44,6,368.35,221.01,40,1.6544,2.5406,0,27,21.2
2026-04-05,Produce,65,13,143.68,93.39,35,2.2216,2.0743,1,17,62.02
2026-04-06,Deli,63,4,88.79,79.91,10,1.6358,0.9192,2,16,9.58
2026-04-07,Seafood,22,5,305.16,244.13,20,0.5869,0.7901,3,24,4.11
2026-04-08,Deli,70,18,413.22,413.22,0,1.6663,1.592,4,30,38.31
2026-04-09,Seafood,43,23,479.67,335.77,30,1.1832,0.7353,5,17,43
2026-04-10,Dairy,49,15,183.18,137.38,25,1.2778,1.4749,6,3,40.39
2026-04-11,Dairy,55,4,227.98,136.79,40,1.795,0.689,0,14,17.38
2026-04-12,Bakery,58,19,497.94,348.56,30,2.5043,1.9568,1,21,58
2026-04-13,Deli,11,21,373.86,336.47,10,1.922,1.0989,2,30,11
2026-04-14,Seafood,76,3,463.19,370.55,20,0.7882,0.9055,3,16,1.89
2026-04-15,Seafood,62,9,239.36,203.46,15,0.8282,0.8148,4,19,10.7
2026-04-16,Seafood,58,23,447.46,290.85,35,0.6701,0.8728,5,29,35.88
2026-04-17,Grocery,4,1,131.98,85.79,35,1.403,1.4785,6,20,1.23
2026-04-18,Grocery,28,21,390.72,273.5,30,0.6976,1.3723,0,21,25.54
2026-04-19,Dairy,21,7,122.92,104.48,15,2.0223,1.8291,1,7,20.63
2026-04-20,Meat,11,12,180.54,126.38,30,1.0627,1.5355,2,9,11
2026-04-21,Deli,57,6,495.73,396.58,20,1.4707,1.1018,3,17,11.98
2026-04-22,Bakery,51,27,37.08,29.66,20,2.0701,1.3706,4,15,51
2026-04-23,Dairy,51,7,305.35,274.82,10,1.7719,1.6538,5,6,21.42
2026-04-24,Dairy,29,25,82.17,49.3,40,1.0631,1.4751,6,13,29
2026-04-25,Grocery,29,7,492.95,345.06,30,0.5867,1.0493,0,15,7.92
2026-04-26,Seafood,54,14,481.75,433.57,10,0.8807,0.5015,1,29,17.42
2026-04-27,Bakery,41,14,133.95,120.55,10,1.1275,1.002,2,11,20.81
2026-04-28,Produce,44,21,46.55,37.24,20,1.912,2.0361,3,19,44
2026-04-29,Dairy,63,5,387.09,387.09,0,1.2035,1.3245,4,22,7.04
2026-04-30,Grocery,23,27,224.14,190.52,15,0.7091,1.7163,5,26,23
2026-05-01,Seafood,26,26,198.41,178.57,10,0.9177,0.8351,6,14,26
2026-05-02,Seafood,44,9,38.53,38.53,0,1.207,0.6224,0,4,11.59
2026-05-03,Produce,21,28,458.95,458.95,0,0.8494,1.7502,1,6,21
2026-05-04,Bakery,31,12,68.76,61.88,10,1.4214,2.2668,2,16,28.76
2026-05-05,Seafood,71,29,234.2,234.2,0,0.7665,1.1816,3,24,26.79
2026-05-06,Meat,15,12,251.95,201.56,20,0.9844,1.3791,4,28,15
2026-05-07,Dairy,13,8,378.01,245.71,35,1.3538,2.109,5,26,13
2026-05-08,Produce,45,10,362.47,217.48,40,2.5318,1.6433,6,21,45
2026-05-09,Deli,19,25,180.77,126.54,30,0.9074,0.7981,0,28,19
2026-05-10,Grocery,9,21,402.24,341.9,15,0.9631,1.424,1,29,9
2026-05-11,Seafood,23,8,213.46,213.46,0,0.5743,0.7641,2,29,4.05
2026-05-12,Meat,60,13,496.53,297.92,40,1.5503,0.8001,3,6,32.03
2026-05-13,Produce,68,9,463.85,324.69,30,2.4494,1.992,4,27,46.4
2026-05-14,Meat,15,15,342.31,239.62,30,1.7565,1.1215,5,28,15
2026-05-15,Deli,6,14,483.26,410.77,15,2.1457,1.7478,6,25,6
2026-05-16,Deli,47,5,170.84,111.05,35,1.0137,0.3946,0,30,6.34
2026-05-17,Meat,53,6,414.51,331.61,20,1.4659,1.4875,1,26,13.46
2026-05-18,Deli,79,17,395.47,395.47,0,0.9242,1.3061,2,10,15.45
2026-05-19,Produce,24,17,202.87,182.58,10,1.5791,1.2284,3,27,24
2026-05-20,Produce,72,5,472.54,307.15,35,1.6116,2.3049,4,15,22.14
2026-05-21,Deli,69,13,486.7,292.02,40,0.9774,1.2389,5,11,32.75
2026-05-22,Produce,42,18,124.16,111.74,10,1.9929,2.5745,6,7,42
2026-05-23,Grocery,23,27,388.18,310.54,20,0.84,1.1116,0,10,23
2026-05-24,Seafood,12,12,132.49,99.37,25,1.1053,1.0738,1,26,12
2026-05-25,Produce,22,19,122.77,104.35,15,1.4444,1.1042,2,12,22
2026-05-26,Meat,79,4,248.78,149.27,40,1.113,1.0485,3,26,9.56
2026-05-27,Meat,22,15,58.44,40.91,30,1.7662,0.5306,4,11,22
2026-05-28,Bakery,62,21,227.31,193.21,15,2.106,2.3901,5,28,62
2026-05-29,Grocery,40,25,131.7,118.53,10,1.4821,1.2571,6,10,40
2026-05-30,Seafood,66,28,422.44,274.59,35,0.7422,0.5607,0,30,35.53
2026-05-31,Seafood,38,9,454.75,318.32,30,0.3755,1.1485,1,6,10.02
2026-06-01,Produce,65,26,140.3,84.18,40,1.9691,2.1144,2,11,65
2026-06-02,Bakery,65,25,291.32,189.36,35,0.8017,1.1222,3,6,48.25
2026-06-03,Meat,15,27,298.42,268.58,10,1.0019,1.3384,4,21,15
2026-06-04,Produce,80,23,225.37,146.49,35,1.9605,1.8322,5,17,80
2026-06-05,Meat,69,28,42.71,27.76,35,0.769,1.2794,6,27,42.94
2026-06-06,Grocery,6,22,127.62,108.48,15,1.8358,1.1095,0,28,6
2026-06-07,Bakery,61,24,428.48,321.36,25,2.625,1.2838,1,14,61
2026-06-08,Dairy,60,9,397.26,278.08,30,0.05,1.8585,2,9,9.26
2026-06-09,Meat,73,25,332.94,216.41,35,1.7816,1.112,3,8,66.44
2026-06-10,Seafood,14,16,183.54,146.83,20,0.7907,1.1108,4,15,14
2026-06-11,Deli,66,20,328.75,213.69,35,1.1061,1.4099,5,18,60.84
2026-06-12,Deli,59,11,450.5,382.93,15,1.5588,1.1196,6,19,24.81
2026-06-13,Produce,74,21,165.7,140.84,15,2.5958,1.2583,0,9,70.88
2026-06-14,Bakery,79,3,459.48,298.66,35,2.0118,1.5573,1,7,11.41
2026-06-15,Grocery,40,4,316.37,284.73,10,1.276,0.9042,2,29,6.56
2026-06-16,Bakery,73,8,98.63,73.97,25,2.2431,1.8635,3,10,30.89
2026-06-17,Grocery,30,21,94.05,70.54,25,0.7684,1.0024,4,22,30
2026-06-18,Grocery,59,27,221.9,177.52,20,0.4212,1.3048,5,15,26.2
2026-06-19,Produce,49,9,406.63,304.97,25,1.5214,1.481,6,10,27.28
2026-06-20,Deli,48,18,61.59,52.35,15,0.8573,1.8076,0,21,24.66
2026-06-21,Dairy,67,4,361.47,253.03,30,0.606,2.1659,1,10,9.7
2026-06-22,Produce,73,12,415.01,332.01,20,1.1069,2.1697,2,18,33.23
2026-06-23,Meat,11,14,477.75,406.09,15,1.2754,1.4565,3,23,11
2026-06-24,Bakery,47,29,251.4,213.69,15,2.3427,1.9971,4,11,47
2026-06-25,Produce,79,1,258.13,219.41,15,1.8421,2.4161,5,17,3.52
2026-06-26,Deli,41,18,182.0,118.3,35,1.5226,1.553,6,3,41
2026-06-27,Meat,48,2,304.04,273.64,10,0.7961,0.794,0,26,1.23
2026-06-28,Dairy,27,24,143.18,121.7,15,1.5659,1.4055,1,13,27
2026-06-29,Bakery,54,4,297.65,193.47,35,1.36,1.979,2,18,11.57
2026-06-30,Dairy,46,28,111.92,83.94,25,0.995,2.0569,3,8,46
2026-07-01,Deli,28,13,132.65,119.39,10,0.8595,0.8789,4,19,19.57
2026-07-02,Deli,80,1,53.93,53.93,0,1.1228,1.0529,5,3,3.07
2026-07-03,Bakery,52,11,170.48,119.34,30,1.8199,2.6552,6,9,38.46
2026-07-04,Produce,66,20,111.35,89.08,20,2.3125,1.9589,0,14,66
2026-07-05,Meat,59,6,360.52,306.44,15,0.8962,0.495,1,17,6.35
2026-07-06,Bakery,7,20,469.26,422.33,10,1.9915,1.3631,2,8,7
2026-07-07,Meat,24,17,452.61,271.57,40,1.4447,1.167,3,22,24
2026-07-08,Deli,73,15,420.09,252.05,40,1.7861,1.0156,4,7,59.19
2026-07-09,Dairy,65,27,114.46,74.4,35,1.6578,1.6511,5,18,65
2026-07-10,Seafood,78,27,71.92,64.73,10,0.7568,0.6968,6,20,21.43
2026-07-11,Meat,72,13,330.52,247.89,25,1.0139,0.9462,0,9,21.72
2026-07-12,Deli,57,21,217.01,141.06,35,1.2802,1.2391,1,22,55.85
2026-07-13,Grocery,66,10,496.34,372.25,25,1.2738,1.0607,2,19,15.15
2026-07-14,Seafood,27,2,474.72,356.04,25,1.3072,0.6189,3,13,3.04
2026-07-15,Produce,71,2,38.28,28.71,25,1.813,1.5812,4,20,8.68
2026-07-16,Bakery,58,27,375.81,319.44,15,0.8489,1.7552,5,17,54.34
2026-07-17,Dairy,31,29,363.4,327.06,10,1.6012,1.3821,6,21,31
2026-07-18,Produce,4,20,46.49,30.22,35,2.292,2.8827,0,10,4
2026-07-19,Produce,45,27,492.59,320.18,35,1.9688,2.2677,1,29,45
2026-07-20,Grocery,22,2,92.29,73.83,20,0.8049,0.8394,2,25,3.47
2026-07-21,Seafood,42,29,122.32,91.74,25,0.6765,0.8674,3,29,34.65
2026-07-22,Grocery,38,13,425.25,340.2,20,1.1649,0.6828,4,15,19.23
2026-07-23,Bakery,60,23,86.22,68.98,20,1.2797,2.0405,5,8,60
2026-07-24,Seafood,11,16,112.1,78.47,30,1.1566,1.2848,6,25,11
2026-07-25,Grocery,71,10,161.06,120.8,25,0.8463,1.1175,0,29,13.79
2026-07-26,Dairy,74,3,427.07,341.66,20,2.7055,2.5612,1,10,11.86
2026-07-27,Bakery,52,27,112.63,101.37,10,1.8588,1.8387,2,17,52
2026-07-28,Produce,59,5,308.58,308.58,0,1.5688,1.3936,3,26,10.16
2026-07-29,Deli,75,2,31.75,26.99,15,1.0854,0.7209,4,8,5.2
2026-07-30,Deli,28,15,453.24,453.24,0,1.0122,1.331,5,8,18.77
2026-07-31,Produce,45,7,337.56,202.54,40,2.2452,2.6385,6,29,41.49
2026-08-01,Dairy,70,20,161.71,137.45,15,2.3413,2.4101,0,16,69.2
2026-08-02,Meat,5,18,318.83,271.01,15,1.3041,1.0529,1,4,5
2026-08-03,Dairy,16,29,350.05,350.05,0,1.0042,1.893,2,6,16
2026-08-04,Seafood,7,8,292.73,263.46,10,0.4036,1.3994,3,18,7
2026-08-05,Meat,52,21,159.17,103.46,35,0.4924,1.2704,4,14,30.4
2026-08-06,Produce,64,15,461.73,392.47,15,1.1204,0.8165,5,10,29.46
2026-08-07,Dairy,25,10,482.44,313.59,35,2.5852,1.495,6,28,25
2026-08-08,Deli,8,5,243.47,194.78,20,1.2637,1.3855,0,23,8
2026-08-09,Deli,54,7,225.04,146.28,35,0.7532,1.2968,1,13,14.39
2026-08-10,Deli,54,22,88.23,70.58,20,1.0618,1.2143,2,21,42.73
2026-08-11,Dairy,49,28,452.67,294.24,35,1.1825,1.7728,3,20,49
2026-08-12,Produce,41,15,454.72,295.57,35,2.4921,2.3986,4,20,41
2026-08-13,Dairy,52,22,470.13,305.58,35,1.7408,1.9409,5,24,52
2026-08-14,Dairy,75,9,390.39,253.75,35,1.0133,0.7799,6,7,15.61
2026-08-15,Grocery,62,11,141.71,120.45,15,1.032,0.6546,0,19,9.93
2026-08-16,Produce,7,21,346.19,311.57,10,1.2404,2.068,1,30,7
2026-08-17,Seafood,45,2,429.99,300.99,30,1.1689,0.7943,2,12,3.62
2026-08-18,Seafood,49,3,321.04,224.73,30,0.1076,0.4613,3,18,0.52
2026-08-19,Deli,25,23,162.63,146.37,10,1.28,0.9989,4,6,25
2026-08-20,Meat,55,30,100.18,60.11,40,0.9432,1.0169,5,30,55
2026-08-21,Dairy,21,4,456.86,411.17,10,1.5101,1.2572,6,8,6.41
2026-08-22,Seafood,78,1,351.86,246.3,30,1.1093,1.2249,0,8,1.42
2026-08-23,Grocery,5,29,485.89,340.12,30,1.7821,0.4135,1,7,5
2026-08-24,Meat,53,10,460.46,414.41,10,1.0048,1.6833,2,24,14.77
2026-08-25,Dairy,44,21,163.87,147.48,10,0.5798,2.5207,3,21,26.42
2026-08-26,Grocery,49,6,429.35,343.48,20,1.0161,0.1524,4,3,7.33
2026-08-27,Grocery,24,11,49.71,39.77,20,0.9163,0.7768,5,11,17.97
2026-08-28,Produce,61,25,338.22,236.75,30,1.9847,1.6988,6,22,61
2026-01-01,Bakery,76,24,34.13,22.18,35,2.0209,2.3784,0,11,76
2026-01-02,Produce,45,13,199.23,129.5,35,2.6962,1.5416,1,14,45
2026-01-03,Produce,73,9,116.63,87.47,25,1.8381,3.3198,2,24,40.3
2026-01-04,Deli,68,28,450.51,450.51,0,1.1136,1.443,3,6,28.39
2026-01-05,Dairy,25,3,202.36,172.01,15,1.1526,1.3555,4,26,6.51
2026-01-06,Bakery,46,24,438.33,394.5,10,1.9302,2.2209,5,30,46
2026-01-07,Grocery,45,21,398.41,358.57,10,0.9095,0.9337,6,5,27.31
2026-01-08,Dairy,14,3,26.82,21.46,20,2.3987,1.6769,0,15,12.34
2026-01-09,Deli,70,21,116.5,93.2,20,1.0726,0.7934,1,26,31.21
2026-01-10,Produce,10,19,235.2,235.2,0,1.2417,3.4241,2,11,10
2026-01-11,Dairy,72,29,298.33,238.66,20,1.2471,0.8333,3,13,54.77
2026-01-12,Seafood,23,8,212.47,159.35,25,0.9929,0.6422,4,12,11.95
2026-01-13,Dairy,35,14,416.62,333.3,20,0.7483,1.3748,5,27,25.8
2026-01-14,Dairy,10,3,54.82,38.37,30,1.4205,1.6301,6,27,8.11
2026-01-15,Seafood,13,14,345.17,207.1,40,1.4187,0.9336,0,14,13
2026-01-16,Produce,80,22,347.14,312.43,10,2.4908,1.1229,1,13,60.55
2026-01-17,Grocery,64,12,200.96,150.72,25,1.0256,0.7407,2,21,19.09
2026-01-18,Dairy,48,2,219.62,131.77,40,1.4981,1.1384,3,15,8.32
2026-01-19,Grocery,62,28,239.78,203.81,15,0.9737,0.7048,4,28,45.07
2026-01-20,Deli,22,13,214.72,214.72,0,0.9343,0.5917,5,8,13.97
2026-01-21,Dairy,26,19,128.07,128.07,0,1.2679,1.6619,6,15,25.88
2026-01-22,Dairy,73,10,156.89,125.51,20,1.5938,0.7808,0,16,20.44
2026-01-23,Grocery,23,28,256.49,256.49,0,0.8998,1.1131,1,22,23
2026-01-24,Deli,33,5,271.41,162.85,40,1.0085,1.3235,2,3,9.59
2026-01-25,Deli,23,21,185.83,139.37,25,1.021,0.8511,3,12,23
2026-01-26,Deli,50,24,408.38,347.12,15,1.3532,0.5479,4,5,50
2026-01-27,Bakery,50,15,223.08,178.46,20,2.7042,1.5186,5,23,50
2026-01-28,Grocery,38,26,288.62,202.03,30,0.5959,0.7938,6,13,22.16
2026-01-29,Seafood,76,21,486.29,389.03,20,0.7876,0.5425,0,21,21.57
2026-01-30,Grocery,5,29,173.89,156.5,10,0.7558,0.8731,1,13,5
2026-01-31,Bakery,65,17,244.78,183.59,25,2.3714,2.019,2,25,65
2026-02-01,Dairy,10,12,250.03,200.02,20,2.3433,1.2314,3,29,10
2026-02-02,Meat,74,16,94.41,70.81,25,1.527,0.9978,4,9,38.36
2026-02-03,Seafood,27,26,479.92,431.93,10,1.5005,0.873,5,9,27
2026-02-04,Meat,67,26,159.17,103.46,35,0.4703,1.3836,6,7,37.93
2026-02-05,Deli,6,1,334.53,217.44,35,1.2224,1.5544,0,7,2.8
2026-02-06,Grocery,51,21,288.75,173.25,40,1.0089,0.857,1,25,37.75
2026-02-07,Meat,39,15,102.38,87.02,15,1.406,1.073,2,4,27.55
2026-02-08,Seafood,73,11,251.62,213.88,15,0.6995,1.2954,3,23,10.44
2026-02-09,Deli,25,13,180.14,180.14,0,1.0168,1.0026,4,27,13.66
2026-02-10,Meat,68,2,51.53,43.8,15,0.2195,1.1158,5,8,1.69
2026-02-11,Produce,14,8,383.46,268.42,30,2.2504,1.6744,6,27,14
2026-02-12,Bakery,54,16,283.93,184.55,35,1.4024,1.3783,0,29,48.85
2026-02-13,Dairy,23,15,79.74,59.8,25,2.3078,1.5217,1,24,23
2026-02-14,Meat,9,1,330.38,264.3,20,0.988,1.1129,2,30,1.62
2026-02-15,Dairy,43,17,178.4,115.96,35,0.2169,2.2608,3,18,28.1
2026-02-16,Bakery,56,22,286.26,286.26,0,1.8526,1.9391,4,14,48.05
2026-02-17,Produce,77,3,443.78,377.21,15,2.8073,1.7246,5,3,14.13
2026-02-18,Produce,39,24,151.18,105.83,30,1.5878,1.9758,6,13,39
2026-02-19,Dairy,36,11,211.5,158.62,25,2.1852,1.0337,0,23,34.02
2026-02-20,Produce,54,17,122.18,109.96,10,3.2219,2.2806,1,9,54
2026-02-21,Seafood,41,19,420.64,336.51,20,0.2592,1.2772,2,14,12.9
2026-02-22,Grocery,32,2,294.25,220.69,25,1.0159,1.0644,3,30,5.03
2026-02-23,Deli,66,7,474.73,308.57,35,1.2613,1.1253,4,15,16.54
2026-02-24,Meat,24,25,462.39,277.43,40,0.8072,0.9991,5,10,24
2026-02-25,Bakery,16,20,445.1,445.1,0,1.6969,1.0201,6,11,16
2026-02-26,Bakery,59,10,206.17,175.24,15,2.2944,2.0968,0,26,26.14
2026-02-27,Deli,38,3,223.31,223.31,0,0.3139,1.1718,1,6,1.84
2026-02-28,Deli,36,5,242.04,193.63,20,1.6349,1.5515,2,18,15.69
2026-03-01,Dairy,17,1,65.9,52.72,20,1.2257,0.5982,3,25,2.09
2026-03-02,Meat,37,9,35.72,21.43,40,1.6446,1.2961,4,15,32.7
2026-03-03,Bakery,66,2,230.43,138.26,40,2.4194,0.5635,5,21,12.79
2026-03-04,Bakery,11,22,480.73,360.55,25,1.5498,0.9669,6,24,11
2026-03-05,Deli,27,28,136.54,81.92,40,1.5167,1.6413,0,4,27
2026-03-06,Seafood,58,19,290.5,174.3,40,1.0302,0.4866,1,5,33.24
2026-03-07,Meat,61,12,414.84,352.61,15,0.784,0.6028,2,26,15.04
2026-03-08,Meat,21,18,177.34,124.14,30,0.6769,1.3399,3,27,21
2026-03-09,Deli,66,5,345.96,224.87,35,2.0663,0.9554,4,22,21.62
2026-03-10,Deli,20,29,183.08,128.16,30,0.9192,0.8879,5,4,20
2026-03-11,Deli,21,17,309.43,263.02,15,1.0453,1.4789,6,29,21
2026-03-12,Seafood,53,7,63.83,41.49,35,1.6038,0.3387,0,21,12.6
2026-03-13,Bakery,73,9,340.7,289.59,15,1.5918,1.747,1,28,18.3
2026-03-14,Deli,17,16,179.61,125.73,30,0.7983,1.0918,2,21,17
2026-03-15,Deli,55,24,351.71,316.54,10,0.8502,1.2783,3,7,33.82
2026-03-16,Seafood,27,23,365.2,328.68,10,0.1995,0.9181,4,27,12.67
2026-03-17,Grocery,29,10,282.43,254.19,10,0.7183,1.1863,5,3,11.55
2026-03-18,Bakery,18,10,123.37,111.03,10,2.4312,2.0423,6,24,18
2026-03-19,Grocery,79,1,167.6,108.94,35,1.5728,0.8196,0,22,2.71
2026-03-20,Meat,64,30,326.73,326.73,0,0.6444,0.2819,1,11,14.22
2026-03-21,Produce,52,16,382.64,344.38,10,2.0,1.2942,2,14,41.66
2026-03-22,Produce,6,16,205.48,123.29,40,2.017,1.7447,3,10,6
2026-03-23,Produce,15,27,240.98,168.69,30,2.3076,2.0934,4,4,15
2026-03-24,Deli,73,10,394.15,236.49,40,1.2901,1.562,5,30,34.33
2026-03-25,Produce,6,25,469.38,281.63,40,2.0237,2.3442,6,11,6
2026-03-26,Produce,52,19,405.62,405.62,0,1.9929,2.3002,0,17,34.3
2026-03-27,Deli,23,28,43.91,30.74,30,1.1727,0.7086,1,29,23
2026-03-28,Bakery,64,7,255.97,255.97,0,1.0094,2.3802,2,15,9.14
2026-03-29,Bakery,26,10,131.13,78.68,40,1.4767,1.878,3,25,26
2026-03-30,Bakery,24,4,91.12,91.12,0,1.2428,1.9957,4,19,6.6
2026-03-31,Produce,72,12,75.51,45.31,40,1.8647,2.6282,5,25,72
2026-04-01,Grocery,11,3,66.44,46.51,30,0.5889,1.0567,6,7,3.69
2026-04-02,Bakery,23,1,66.03,56.13,15,3.2434,1.5001,0,20,2.82
2026-04-03,Deli,36,18,251.99,214.19,15,1.0187,1.1119,1,12,28.27
2026-04-04,Dairy,53,24,30.32,30.32,0,1.5873,1.4297,2,19,37.0
2026-04-05,Produce,77,9,277.0,207.75,25,2.2777,1.7776,3,28,42.87
2026-04-06,Dairy,63,7,252.18,201.74,20,1.0021,1.8623,4,23,17.28
2026-04-07,Produce,12,18,94.4,80.24,15,2.246,1.738,5,5,12
2026-04-08,Meat,34,6,322.8,209.82,35,0.6622,1.2672,6,10,8.01
2026-04-09,Seafood,55,9,53.34,34.67,35,1.1669,0.9632,0,26,16.05
2026-04-10,Deli,60,13,313.06,250.45,20,1.3689,1.1984,1,22,24.97
2026-04-11,Seafood,55,17,331.87,282.09,15,0.9208,1.2272,2,22,22.48
2026-04-12,Bakery,11,14,291.8,248.03,15,1.8045,1.8221,3,11,11
2026-04-13,Grocery,62,9,333.83,233.68,30,0.8571,1.3506,4,18,16.19
2026-04-14,Meat,52,16,384.77,327.05,15,1.3924,0.9585,5,18,32.42
2026-04-15,Deli,69,18,317.77,285.99,10,1.1967,1.4845,6,19,28.87
2026-04-16,Dairy,44,11,455.93,364.74,20,1.9297,1.2767,0,29,30.32
2026-04-17,Deli,55,17,157.3,102.25,35,1.0688,0.9964,1,28,30.35
2026-04-18,Seafood,40,23,115.23,80.66,30,0.5388,0.8203,2,9,21.48
2026-04-19,Seafood,77,15,272.05,244.85,10,0.7977,0.3552,3,28,11.78
2026-04-20,Produce,46,27,111.96,67.18,40,1.6366,1.577,4,25,46
2026-04-21,Deli,75,30,243.06,170.14,30,1.5475,1.5908,5,29,75
2026-04-22,Meat,3,13,56.61,42.46,25,2.1033,1.4267,6,20,3
2026-04-23,Meat,38,27,267.78,174.06,35,1.1391,1.2014,0,22,38
2026-04-24,Bakery,58,16,208.77,187.89,10,2.5819,1.9767,1,27,53.28
2026-04-25,Seafood,8,2,427.41,320.56,25,1.2044,1.1089,2,26,4.16
2026-04-26,Produce,29,14,43.97,43.97,0,2.2256,2.5435,3,22,29
2026-04-27,Produce,39,9,229.16,183.33,20,2.1759,2.8023,4,14,39
2026-04-28,Seafood,22,8,35.9,25.13,30,0.1777,0.9129,5,29,5.34
2026-04-29,Grocery,72,7,317.74,270.08,15,1.4831,1.2671,6,18,14.82
2026-04-30,Bakery,34,4,426.56,341.25,20,1.7333,1.8371,0,8,13.38
2026-05-01,Dairy,16,9,26.5,19.88,25,0.5425,1.854,1,10,15.65
2026-05-02,Bakery,13,28,219.05,131.43,40,1.2449,0.9718,2,15,13
2026-05-03,Seafood,51,20,35.94,26.95,25,1.0311,1.2879,3,13,29.66
2026-05-04,Deli,66,1,266.09,172.96,35,1.5321,1.4588,4,14,2.21
2026-05-05,Dairy,12,23,310.45,201.79,35,1.7621,1.8989,5,11,12
2026-05-06,Dairy,40,23,451.76,293.64,35,1.9802,1.0908,6,3,40
2026-05-07,Produce,75,30,140.93,126.84,10,0.8,2.3182,0,15,43.69
2026-05-08,Bakery,58,16,368.98,239.84,35,2.1727,2.1505,1,10,58
2026-05-09,Deli,36,12,252.3,214.46,15,1.3074,1.6688,2,9,20.47
2026-05-10,Seafood,51,2,198.17,158.54,20,0.8583,1.4073,3,5,4.18
2026-05-11,Meat,73,23,48.78,43.9,10,0.8082,1.06,4,16,30.02
2026-05-12,Deli,26,28,133.82,100.36,25,1.387,1.2669,5,30,26
2026-05-13,Bakery,9,20,296.99,252.44,15,1.631,2.3912,6,3,9
2026-05-14,Seafood,80,7,363.45,327.11,10,0.9886,0.9306,0,28,6.62
2026-05-15,Dairy,18,18,395.05,276.53,30,1.4494,1.2446,1,3,18
2026-05-16,Deli,24,28,389.02,389.02,0,1.0696,0.436,2,15,24
2026-05-17,Dairy,9,6,247.81,210.64,15,1.5365,2.1159,3,17,9
2026-05-18,Dairy,25,15,362.35,289.88,20,2.1801,1.8223,4,4,25
2026-05-19,Bakery,20,13,25.27,15.16,40,1.081,1.6869,5,26,20
2026-05-20,Grocery,70,29,246.64,172.65,30,0.5577,1.0892,6,29,29.91
2026-05-21,Produce,35,13,273.65,177.87,35,2.6897,3.0274,0,5,35
2026-05-22,Meat,41,12,79.88,51.92,35,1.1747,0.894,1,3,26.21
2026-05-23,Deli,28,16,381.4,305.12,20,0.6494,1.4023,2,28,24.25
2026-05-24,Seafood,20,24,333.31,249.98,25,1.4035,0.781,3,10,20
2026-05-25,Grocery,65,9,214.64,128.78,40,0.8362,1.1466,4,10,21.99
2026-05-26,Dairy,15,29,165.32,165.32,0,2.472,0.9176,5,23,15
2026-05-27,Seafood,12,14,309.16,216.41,30,1.0723,0.5916,6,30,12
2026-05-28,Grocery,48,3,182.44,136.83,25,1.2488,1.1594,0,6,4.88
2026-05-29,Dairy,74,24,153.06,153.06,0,0.7603,1.4621,1,13,20.98
2026-05-30,Seafood,61,20,189.79,132.85,30,1.1486,0.881,2,19,38.64
2026-05-31,Meat,59,4,385.28,250.43,35,1.1089,1.0108,3,21,8.57
2026-06-01,Meat,22,3,468.15,304.3,35,0.4887,0.8479,4,26,5.3
2026-06-02,Produce,37,21,93.38,74.7,20,2.5742,2.3263,5,12,37
2026-06-03,Bakery,27,5,223.73,178.98,20,1.9135,0.9226,6,7,15.63
2026-06-04,Grocery,75,18,146.2,116.96,20,1.1296,1.0004,0,18,27.47
2026-06-05,Seafood,31,3,247.45,210.33,15,0.7082,1.1804,1,5,2.92
2026-06-06,Produce,46,15,317.98,222.59,30,3.0324,0.7915,2,29,46
2026-06-07,Produce,44,11,275.19,206.39,25,2.894,2.3601,3,10,44
2026-06-08,Dairy,5,27,231.09,173.32,25,1.2048,1.9732,4,15,5
2026-06-09,Bakery,41,19,405.8,304.35,25,1.8072,2.0397,5,10,41
2026-06-10,Seafood,31,26,443.35,354.68,20,0.7228,0.9346,6,14,31
2026-06-11,Grocery,54,24,224.16,156.91,30,1.254,0.9321,0,22,45.21
2026-06-12,Grocery,11,30,393.11,393.11,0,0.4089,1.2169,1,3,11
2026-06-13,Deli,18,12,171.3,102.78,40,1.5917,1.5038,2,15,18
2026-06-14,Meat,54,7,229.3,183.44,20,0.9799,1.5414,3,13,12.51
2026-06-15,Meat,13,13,72.81,65.53,10,1.2951,1.1123,4,20,13
2026-06-16,Grocery,14,16,468.83,398.51,15,1.0226,0.999,5,29,14
2026-06-17,Deli,48,22,341.38,307.24,10,1.4019,1.9365,6,13,45.28
2026-06-18,Bakery,77,2,64.11,64.11,0,0.9197,1.1401,0,15,1.97
2026-06-19,Seafood,16,16,151.98,113.98,25,1.0797,0.6531,1,29,16
2026-06-20,Meat,20,10,55.85,41.89,25,1.466,1.577,2,10,20
2026-06-21,Produce,7,10,211.86,148.3,30,1.9234,1.5294,3,28,7
2026-06-22,Grocery,68,12,170.54,110.85,35,0.2968,1.3415,4,24,15.5
2026-06-23,Deli,33,7,244.11,207.49,15,0.4173,1.3219,5,6,7.71
2026-06-24,Dairy,60,4,84.9,76.41,10,1.4043,1.8964,6,18,7.53
2026-06-25,Grocery,18,14,466.69,350.02,25,1.2342,1.1902,0,18,18
2026-06-26,Produce,49,2,99.35,79.48,20,1.8753,2.1571,1,15,8.2
2026-06-27,Dairy,66,27,245.16,159.35,35,0.7038,1.6886,2,17,46.33
2026-06-28,Dairy,44,27,379.01,246.36,35,0.7803,0.5492,3,8,39.68
2026-06-29,Bakery,24,28,478.29,310.89,35,0.5319,2.7186,4,13,24
2026-06-30,Dairy,20,2,139.01,83.41,40,2.6036,1.2384,5,27,10.89
2026-07-01,Bakery,49,21,362.9,254.03,30,1.1557,1.6678,6,27,49
2026-07-02,Seafood,28,17,125.25,87.67,30,0.6364,0.417,0,15,15.67
2026-07-03,Meat,28,19,231.6,231.6,0,0.7925,0.595,1,20,14.92
2026-07-04,Deli,61,18,46.14,32.3,30,1.7568,1.2539,2,29,54.05
2026-07-05,Grocery,62,30,459.2,367.36,20,0.9726,1.5041,3,10,45.07
2026-07-06,Grocery,41,9,448.47,448.47,0,1.2117,0.5929,4,3,9.16
2026-07-07,Meat,8,8,130.36,78.22,40,0.915,1.1015,5,4,8
2026-07-08,Bakery,38,26,279.25,181.51,35,3.0624,1.9115,6,28,38
2026-07-09,Deli,79,25,340.07,204.04,40,0.4875,1.4488,0,24,36.04
2026-07-10,Meat,17,10,431.24,280.31,35,0.7811,0.9903,1,24,14.34
2026-07-11,Grocery,45,3,332.25,199.35,40,0.9346,1.1569,2,26,5.71
2026-07-12,Produce,24,9,337.29,252.97,25,0.6871,2.66,3,6,21.91
2026-07-13,Seafood,39,30,172.01,154.81,10,1.0807,1.0393,4,6,39
2026-07-14,Seafood,3,30,477.95,430.15,10,1.0004,0.4275,5,6,3
2026-07-15,Seafood,46,15,82.68,49.61,40,0.6205,0.5914,6,22,18.19
2026-07-16,Deli,13,26,194.22,174.8,10,0.9486,1.4842,0,26,13
2026-07-17,Bakery,14,30,496.26,421.82,15,3.2081,1.9944,1,29,14
2026-07-18,Produce,27,18,252.38,176.67,30,3.348,2.2188,2,28,27
2026-07-19,Meat,54,25,125.87,100.7,20,0.7049,0.8253,3,21,25.4
2026-07-20,Produce,11,23,488.67,390.94,20,2.826,0.7944,4,17,11
2026-07-21,Grocery,50,11,119.58,119.58,0,0.5614,1.1886,5,21,9.57
2026-07-22,Deli,50,1,333.14,216.54,35,1.1999,1.156,6,7,1.94
2026-07-23,Seafood,79,4,272.24,245.02,10,1.2225,0.6448,0,20,4.12
2026-07-24,Meat,46,24,81.88,81.88,0,1.2236,0.6416,1,16,25.54
2026-07-25,Deli,16,2,51.08,38.31,25,1.7211,0.5411,2,25,0.99
2026-07-26,Deli,51,27,499.66,374.75,25,0.9682,1.5133,3,5,51
2026-07-27,Grocery,41,10,218.26,218.26,0,1.1941,1.2655,4,25,13.75
2026-07-28,Bakery,20,28,467.42,420.68,10,1.617,1.9836,5,6,20
2026-07-29,Dairy,30,19,301.56,271.4,10,1.9713,1.5419,6,29,30
2026-07-30,Seafood,72,18,458.66,412.79,10,1.05,0.5845,0,12,15.79
2026-07-31,Meat,41,22,72.71,47.26,35,0.8245,1.1014,1,16,36.24
2026-08-01,Bakery,45,22,152.8,152.8,0,1.9829,1.9822,2,18,43.93
2026-08-02,Bakery,49,16,217.84,196.06,10,1.7808,1.7353,3,20,42.42
2026-08-03,Seafood,13,8,183.68,156.13,15,0.6566,0.6186,4,3,9.66
2026-08-04,Grocery,19,7,105.45,84.36,20,0.6329,1.0308,5,19,8.62
2026-08-05,Deli,27,19,259.01,207.21,20,1.4693,1.2903,6,19,27
2026-08-06,Deli,20,12,217.15,141.15,35,0.962,1.4511,0,10,20
2026-08-07,Meat,18,28,360.78,270.58,25,0.8306,0.7891,1,9,18
2026-08-08,Produce,19,9,298.89,269.0,10,1.9008,2.4442,2,25,19
2026-08-09,Bakery,34,8,378.82,340.94,10,1.6645,1.5359,3,21,18.61
2026-08-10,Bakery,29,21,365.69,365.69,0,3.3629,1.3779,4,17,29
2026-08-11,Dairy,18,5,437.68,306.38,30,2.007,1.4375,5,24,18
2026-08-12,Dairy,21,28,123.22,86.25,30,1.4502,1.753,6,24,21
2026-08-13,Dairy,65,16,475.84,309.3,35,1.5392,1.5107,0,29,44.91
2026-08-14,Bakery,61,24,274.03,219.22,20,1.8509,0.8461,1,7,61
2026-08-15,Deli,25,9,227.42,227.42,0,0.4977,1.3022,2,12,7.92
2026-08-16,Produce,60,8,120.44,90.33,25,2.3073,2.8229,3,11,30.4
2026-08-17,Dairy,31,16,233.11,198.14,15,1.8815,1.5354,4,20,31
2026-08-18,Meat,21,21,77.17,54.02,30,1.1239,0.5998,5,11,21
2026-08-19,Seafood,69,22,404.74,263.08,35,1.3043,0.9444,6,12,51.8
2026-08-20,Deli,34,26,384.93,327.19,15,0.9933,0.5101,0,3,23.0
2026-08-21,Dairy,44,1,390.03,253.52,35,1.4742,1.4899,1,12,3.19
2026-08-22,Produce,57,25,144.3,108.23,25,2.3145,1.2761,2,24,57
2026-08-23,Seafood,75,20,292.91,263.62,10,0.5787,1.1589,3,30,20.15
2026-08-24,Deli,63,12,385.49,269.84,30,0.9632,0.8182,4,20,23.17
2026-08-25,Bakery,12,23,74.02,62.92,15,1.9482,2.8763,5,26,12
2026-08-26,Bakery,73,4,234.61,199.42,15,2.4238,1.8686,6,14,15.09
2026-08-27,Bakery,35,2,30.56,19.86,35,2.172,2.1004,0,9,7.17
2026-08-28,Bakery,33,11,315.59,284.03,10,1.436,2.1261,1,20,19.53
2026-01-01,Produce,33,21,45.98,34.48,25,1.0095,1.7759,2,29,33
2026-01-02,Grocery,30,27,402.97,282.08,30,0.9627,1.2872,3,10,30
2026-01-03,Meat,3,9,227.88,159.52,30,1.6906,0.8796,4,26,3
2026-01-04,Bakery,76,21,35.15,26.36,25,1.6693,2.1546,5,10,76
2026-01-05,Produce,25,2,118.03,94.42,20,2.1891,2.4748,6,22,9.46
2026-01-06,Dairy,18,2,369.73,295.78,20,1.7154,0.9939,0,27,5.91
2026-01-07,Deli,58,27,98.12,88.31,10,1.324,1.0167,1,4,40.87
2026-01-08,Meat,56,6,76.55,65.07,15,1.2637,1.1453,2,6,11.14
2026-01-09,Grocery,24,8,151.42,105.99,30,1.1548,0.885,3,21,16.9
2026-01-10,Dairy,57,15,106.76,64.06,40,1.4887,1.4363,4,9,57
2026-01-11,Produce,5,26,118.23,88.67,25,1.3851,2.5236,5,6,5
2026-01-12,Seafood,19,23,452.89,362.31,20,0.6166,0.8728,6,30,19
2026-01-13,Bakery,64,18,212.44,180.57,15,2.175,1.9108,0,10,57.61
2026-01-14,Bakery,80,17,283.24,254.92,10,1.0061,1.8366,1,13,31.91
2026-01-15,Meat,14,18,148.34,103.84,30,0.4113,0.9127,2,29,14
2026-01-16,Dairy,31,5,356.92,321.23,10,1.6665,0.8739,3,5,9.12
2026-01-17,Grocery,72,24,63.07,44.15,30,0.4866,1.1103,4,4,33.04
2026-01-18,Seafood,6,1,393.27,393.27,0,0.887,1.1818,5,5,0.39
2026-01-19,Deli,77,6,63.51,50.81,20,0.4457,1.2785,6,23,3.56
2026-01-20,Deli,80,2,37.27,31.68,15,1.5331,1.511,0,24,3.88
2026-01-21,Bakery,67,26,331.66,248.75,25,1.782,2.0271,1,21,67
2026-01-22,Meat,39,16,258.29,232.46,10,0.6186,1.46,2,12,20.52
2026-01-23,Meat,8,20,174.2,104.52,40,1.498,1.1885,3,3,8
2026-01-24,Produce,34,9,204.5,143.15,30,2.1554,2.817,4,11,34
2026-01-25,Meat,54,5,204.42,183.98,10,1.1195,1.2869,5,13,8.24
2026-01-26,Deli,9,22,198.95,169.11,15,1.4998,1.2765,6,4,9
2026-01-27,Meat,8,23,321.88,321.88,0,0.8621,1.2353,0,17,8
2026-01-28,Meat,5,12,391.87,333.09,15,0.782,1.1822,1,28,5
2026-01-29,Bakery,18,30,435.99,326.99,25,1.965,1.5605,2,3,18
2026-01-30,Deli,36,21,482.02,409.72,15,1.0229,0.8102,3,10,27.45
2026-01-31,Meat,51,7,366.14,292.91,20,0.962,1.0787,4,5,11.89
2026-02-01,Dairy,54,23,319.06,239.3,25,1.8026,1.4179,5,23,54
2026-02-02,Produce,42,22,218.63,185.84,15,3.4277,2.1601,6,26,42
2026-02-03,Produce,70,28,229.67,206.7,10,1.6301,1.6191,0,5,64.15
2026-02-04,Grocery,8,28,415.47,311.6,25,1.4659,0.8575,1,14,8
2026-02-05,Seafood,8,10,113.63,90.9,20,1.5342,0.8532,2,20,8
2026-02-06,Produce,40,6,116.04,116.04,0,1.6143,1.4104,3,30,8.29
2026-02-07,Deli,76,17,480.99,480.99,0,1.896,1.2805,4,14,28.57
2026-02-08,Dairy,67,18,271.4,203.55,25,0.81,2.5513,5,4,40.05
2026-02-09,Produce,46,23,42.83,42.83,0,2.2828,2.4975,6,9,46
2026-02-10,Dairy,48,7,117.31,87.98,25,0.5705,1.0144,0,28,9.62
2026-02-11,Dairy,16,26,67.78,40.67,40,2.0887,0.7905,1,28,16
2026-02-12,Bakery,9,18,313.07,250.46,20,1.8154,2.0361,2,7,9
2026-02-13,Grocery,44,21,499.74,499.74,0,0.6324,1.4356,3,26,14.92
2026-02-14,Bakery,67,3,260.92,182.64,30,2.0816,1.787,4,27,17.87
2026-02-15,Meat,70,24,448.62,448.62,0,0.9141,1.2918,5,3,27.09
2026-02-16,Seafood,78,1,75.7,49.21,35,1.0256,0.9914,6,10,0.49
2026-02-17,Produce,45,13,249.33,149.6,40,1.0879,1.9573,0,22,42.3
2026-02-18,Bakery,56,24,460.42,368.34,20,1.128,2.2658,1,5,53.37
2026-02-19,Deli,12,20,409.04,306.78,25,1.9213,1.432,2,10,12
2026-02-20,Grocery,64,17,187.9,187.9,0,0.4966,0.7391,3,26,8.73
2026-02-21,Dairy,80,7,310.93,264.29,15,1.6767,1.9414,4,13,21.65
2026-02-22,Deli,12,14,68.81,68.81,0,0.9213,0.531,5,16,12
2026-02-23,Produce,49,2,324.48,227.14,30,2.8156,2.1089,6,16,15.32
2026-02-24,Grocery,8,26,271.69,244.52,10,1.1367,1.1053,0,4,8
2026-02-25,Dairy,10,28,272.12,217.7,20,1.4018,1.2082,1,22,10
2026-02-26,Bakery,6,27,208.48,125.09,40,3.1425,2.3653,2,27,6
2026-02-27,Dairy,46,9,194.0,126.1,35,2.7621,1.214,3,21,42.83
2026-02-28,Bakery,65,16,226.62,192.63,15,0.4893,0.7292,4,4,16.34
2026-03-01,Bakery,41,8,450.77,450.77,0,1.3449,2.2259,5,27,8.77
2026-03-02,Dairy,41,11,137.78,117.11,15,1.1972,1.6706,6,6,19.07
2026-03-03,Bakery,50,4,239.48,239.48,0,1.1122,1.6673,0,14,4.44
2026-03-04,Meat,11,19,406.56,304.92,25,0.2957,0.7537,1,11,11
2026-03-05,Meat,24,26,216.36,140.63,35,0.6874,1.1449,2,15,24
2026-03-06,Seafood,40,25,419.38,251.63,40,1.2237,1.0752,3,21,40
2026-03-07,Grocery,75,21,142.9,100.03,30,1.4842,0.7703,4,27,50.17
2026-03-08,Meat,42,29,295.5,236.4,20,1.8752,0.8992,5,28,42
2026-03-09,Seafood,40,8,395.75,257.24,35,1.2791,0.6149,6,4,18.01
2026-03-10,Grocery,5,20,495.26,297.16,40,1.2813,1.3548,0,3,5
2026-03-11,Produce,25,15,380.91,285.68,25,2.1935,0.2018,1,10,25
2026-03-12,Meat,31,20,179.74,125.82,30,0.6167,0.5284,2,20,17.09
2026-03-13,Seafood,39,1,418.31,292.82,30,0.8416,1.4464,3,6,1.39
2026-03-14,Dairy,75,29,314.75,220.32,30,2.4319,1.6521,4,27,75
2026-03-15,Deli,21,18,231.22,173.41,25,0.781,1.579,5,21,21
2026-03-16,Grocery,55,12,324.42,259.54,20,1.3996,1.0322,6,24,18.93
2026-03-17,Dairy,27,25,408.44,285.91,30,1.8517,0.3627,0,27,27
2026-03-18,Bakery,27,9,394.18,256.22,35,1.3484,1.6968,1,19,27
2026-03-19,Deli,8,21,430.95,366.31,15,0.8529,0.9461,2,3,8
2026-03-20,Produce,68,28,231.27,150.33,35,2.5806,1.6724,3,27,68
2026-03-21,Grocery,28,17,60.65,48.52,20,0.9983,1.1065,4,29,26.5
2026-03-22,Seafood,9,1,474.04,308.13,35,0.4731,0.8354,5,22,1.15
2026-03-23,Bakery,44,28,50.8,33.02,35,2.3158,1.9594,6,19,44
2026-03-24,Dairy,77,28,475.98,309.39,35,1.3822,1.3965,0,11,68.67
2026-03-25,Bakery,66,29,234.31,175.73,25,2.4605,1.6554,1,17,66
2026-03-26,Dairy,54,24,387.41,251.82,35,1.1648,0.9663,2,5,51.68
2026-03-27,Produce,65,28,369.37,221.62,40,2.7386,3.2024,3,8,65
2026-03-28,Meat,80,23,56.73,42.55,25,1.995,1.2103,4,9,74.59
2026-03-29,Dairy,61,7,135.25,114.96,15,1.1351,1.8748,5,25,15.13
2026-03-30,Dairy,47,7,460.01,299.01,35,2.0108,1.8563,6,30,28.61
2026-03-31,Dairy,16,22,62.33,52.98,15,1.5366,1.72,0,27,16
2026-04-01,Grocery,68,8,490.28,343.2,30,1.2759,1.2594,1,6,15.02
2026-04-02,Dairy,60,7,60.31,45.23,25,1.285,1.2883,2,26,18.49
2026-04-03,Dairy,77,28,178.44,151.67,15,1.7879,1.217,3,16,74.05
2026-04-04,Deli,9,10,137.34,109.87,20,1.4068,0.9184,4,15,9
2026-04-05,Grocery,16,18,465.65,279.39,40,0.9765,0.6475,5,5,16
2026-04-06,Bakery,23,27,328.55,197.13,40,1.6824,2.367,6,29,23
2026-04-07,Dairy,27,4,149.02,96.86,35,1.812,1.9984,0,26,13.83
2026-04-08,Produce,59,20,136.09,88.46,35,1.19,2.2913,1,29,59
2026-04-09,Meat,17,8,427.84,363.66,15,0.05,0.8045,2,21,2.16
2026-04-10,Seafood,5,15,259.09,168.41,35,1.0558,0.3938,3,6,5
2026-04-11,Grocery,10,16,216.26,129.76,40,1.0314,1.3046,4,28,10
2026-04-12,Bakery,3,12,203.66,173.11,15,1.4516,2.693,5,8,3
2026-04-13,Dairy,47,21,180.75,153.64,15,1.9498,1.7319,6,27,47
2026-04-14,Deli,60,18,470.1,352.58,25,0.9137,1.0301,0,5,27.15
2026-04-15,Meat,25,21,59.56,50.63,15,0.9188,1.3939,1,4,25
2026-04-16,Meat,71,19,391.97,293.98,25,1.2389,1.1428,2,20,42.1
2026-04-17,Deli,72,26,437.34,371.74,15,1.8573,1.7768,3,22,71.8
2026-04-18,Produce,32,24,339.6,220.74,35,0.9906,2.8003,4,25,32
2026-04-19,Deli,40,17,332.98,249.74,25,1.482,0.98,5,23,40
2026-04-20,Bakery,13,21,159.69,95.81,40,1.0483,1.3486,6,28,13
2026-04-21,Seafood,7,30,355.26,213.16,40,1.4992,1.2335,0,17,7
2026-04-22,Grocery,28,16,281.15,238.98,15,1.4367,1.4092,1,11,28
2026-04-23,Grocery,12,25,482.67,434.4,10,0.9013,0.5653,2,18,12
2026-04-24,Grocery,22,18,432.09,280.86,35,1.1154,0.5226,3,7,22
2026-04-25,Seafood,19,27,177.06,141.65,20,0.3761,0.9172,4,24,19
2026-04-26,Meat,54,1,330.69,264.55,20,0.6408,0.7547,5,3,1.84
2026-04-27,Produce,49,29,383.89,249.53,35,1.2867,2.5674,6,3,49
2026-04-28,Produce,24,4,157.81,134.14,15,1.1649,2.0975,0,14,6.74
2026-04-29,Deli,26,9,468.76,304.69,35,0.7923,1.2881,1,22,18.94
2026-04-30,Deli,34,6,326.13,277.21,15,1.8068,0.9605,2,30,10.23
2026-05-01,Deli,53,26,419.4,335.52,20,1.3844,1.0236,3,6,53
2026-05-02,Deli,24,13,148.85,104.19,30,0.9658,1.4364,4,26,24
2026-05-03,Grocery,46,6,209.81,178.34,15,0.6161,1.2277,5,19,7.94
2026-05-04,Meat,50,26,73.55,66.19,10,0.8991,0.7943,6,14,27.19
2026-05-05,Bakery,65,21,271.49,176.47,35,2.5657,1.5848,0,18,65
2026-05-06,Seafood,39,22,416.81,333.45,20,0.9272,1.1308,1,22,32.61
2026-05-07,Bakery,68,29,416.56,374.9,10,2.0763,1.6818,2,4,68
2026-05-08,Dairy,45,17,301.44,226.08,25,1.5711,1.5515,3,14,45
2026-05-09,Dairy,42,13,66.9,50.18,25,1.0526,1.6149,4,26,30.97
2026-05-10,Dairy,30,12,413.33,248.0,40,1.7208,1.3468,5,6,30
2026-05-11,Dairy,57,26,237.48,166.24,30,2.7763,1.8237,6,25,57
2026-05-12,Seafood,16,21,159.65,143.69,10,1.507,1.1462,0,17,16
2026-05-13,Grocery,70,20,475.29,427.76,10,0.8583,0.6554,1,29,16.49
2026-05-14,Dairy,64,25,28.2,19.74,30,1.2304,2.0954,2,19,64
2026-05-15,Meat,47,28,216.04,183.63,15,1.5514,0.9331,3,16,47
2026-05-16,Bakery,77,11,265.56,159.34,40,1.233,1.3757,4,30,37.34
2026-05-17,Dairy,66,5,360.4,252.28,30,2.6041,1.3995,5,26,24.05
2026-05-18,Meat,49,14,403.39,282.37,30,1.6351,1.2483,6,12,31.13
2026-05-19,Dairy,19,17,169.66,152.69,10,2.4407,1.3337,0,7,19
2026-05-20,Seafood,8,1,45.37,34.03,25,1.0236,0.7643,1,23,1.9
2026-05-21,Dairy,33,3,87.29,78.56,10,1.8224,0.6367,2,13,5.94
2026-05-22,Grocery,69,2,121.94,79.26,35,1.0156,0.8212,3,6,3.18
2026-05-23,Deli,39,10,429.28,279.03,35,0.7598,1.5292,4,30,21.52
2026-05-24,Produce,31,30,225.96,135.58,40,1.618,1.9045,5,16,31
2026-05-25,Dairy,3,24,86.62,73.63,15,1.8781,1.3198,6,9,3
2026-05-26,Seafood,25,27,361.09,324.98,10,0.8628,0.8857,0,5,25
2026-05-27,Dairy,80,7,93.03,93.03,0,0.987,1.0496,1,5,9.26
2026-05-28,Meat,56,8,149.64,127.19,15,1.3283,1.2194,2,14,16.8
2026-05-29,Bakery,24,18,389.29,253.04,35,1.5329,1.773,3,14,24
2026-05-30,Grocery,44,15,148.66,104.06,30,1.1679,0.7819,4,7,29.44
2026-05-31,Grocery,76,5,472.52,330.76,30,1.0952,1.1018,5,26,11.89
2026-06-01,Grocery,73,13,139.52,125.57,10,0.3718,0.7044,6,8,8.55
2026-06-02,Produce,18,15,331.57,281.83,15,2.9842,2.3546,0,26,18
2026-06-03,Dairy,75,30,336.31,285.86,15,2.3753,2.4893,1,13,75
2026-06-04,Dairy,22,6,298.91,239.13,20,1.4387,0.572,2,28,14.39
2026-06-05,Deli,77,22,60.8,45.6,25,1.011,1.2392,3,10,43.97
2026-06-06,Dairy,49,11,358.67,286.94,20,1.7528,0.6415,4,12,26.65
2026-06-07,Deli,18,14,257.32,154.39,40,1.1079,1.1398,5,10,18
2026-06-08,Dairy,53,26,162.68,162.68,0,1.1317,1.3489,6,27,30.87
2026-06-09,Grocery,17,20,110.72,66.43,40,1.6385,0.5368,0,21,17
2026-06-10,Grocery,26,1,296.25,177.75,40,1.107,1.0431,1,17,2.08
2026-06-11,Seafood,66,17,366.41,293.13,20,1.5774,0.3274,2,13,31.7
2026-06-12,Dairy,74,19,474.26,379.41,20,1.5854,1.5786,3,7,43.52
2026-06-13,Seafood,53,12,371.37,371.37,0,0.1486,0.741,4,4,4.13
2026-06-14,Deli,73,25,257.25,154.35,40,0.7047,1.1501,5,9,46.34
2026-06-15,Produce,50,24,341.99,239.39,30,1.7277,2.3411,6,15,50
2026-06-16,Bakery,8,26,120.95,90.71,25,2.2582,1.7453,0,21,8
2026-06-17,Seafood,76,26,177.35,106.41,40,0.9844,1.3687,1,8,59.97
2026-06-18,Dairy,76,28,451.81,406.63,10,1.7954,1.5366,2,26,56.02
2026-06-19,Meat,47,24,340.4,306.36,10,0.788,0.9775,3,23,28.21
2026-06-20,Seafood,68,24,116.6,93.28,20,1.251,0.7135,4,24,47.1
2026-06-21,Meat,14,16,314.13,282.72,10,1.0921,1.1636,5,7,14
2026-06-22,Produce,17,5,123.44,111.1,10,3.0638,0.9881,6,27,17
2026-06-23,Produce,9,5,79.7,71.73,10,1.8216,2.4397,0,6,9
2026-06-24,Dairy,26,30,44.88,44.88,0,0.7059,1.7379,1,27,26
2026-06-25,Grocery,34,30,119.03,95.22,20,0.3219,1.3802,2,16,27.56
2026-06-26,Grocery,29,11,279.67,237.72,15,0.3117,1.17,3,6,9.09
2026-06-27,Dairy,39,25,108.67,97.8,10,0.6575,1.3293,4,24,36.94
2026-06-28,Grocery,70,21,91.79,64.25,30,1.2921,0.6968,5,22,44.2
2026-06-29,Deli,19,13,33.13,26.5,20,1.4002,1.0949,6,14,19
2026-06-30,Produce,11,13,409.97,409.97,0,2.1659,1.6079,0,7,11
2026-07-01,Seafood,77,23,260.87,260.87,0,0.5322,0.9321,1,17,13.31
2026-07-02,Bakery,38,5,115.61,80.93,30,1.0532,1.5934,2,7,9.69
2026-07-03,Dairy,6,28,148.19,133.37,10,2.0788,2.0961,3,3,6
2026-07-04,Dairy,9,16,225.67,157.97,30,1.0482,1.1618,4,8,9
2026-07-05,Meat,10,20,235.48,211.93,10,0.9901,0.5036,5,3,10
2026-07-06,Grocery,19,8,85.08,63.81,25,0.1726,0.8599,6,30,5.33
2026-07-07,Dairy,3,27,130.37,97.78,25,1.7869,1.6532,0,3,3
2026-07-08,Meat,54,12,479.38,287.63,40,0.5481,1.6129,1,17,19.99
2026-07-09,Meat,47,22,201.69,131.1,35,1.2317,1.5416,2,11,46.24
2026-07-10,Grocery,16,27,90.01,67.51,25,0.9749,1.0053,3,6,16
2026-07-11,Seafood,68,26,83.25,66.6,20,0.9302,1.4862,4,28,50.11
2026-07-12,Grocery,32,18,72.68,47.24,35,0.8628,1.7089,5,4,32
2026-07-13,Meat,69,1,71.28,49.9,30,1.128,0.9231,6,3,2.01
2026-07-14,Seafood,16,24,487.75,487.75,0,0.6977,0.9405,0,10,16
2026-07-15,Bakery,32,15,182.77,182.77,0,1.9824,1.9715,1,19,27.41
2026-07-16,Deli,41,16,119.76,77.84,35,1.4976,1.7005,2,8,41
2026-07-17,Deli,70,18,346.27,207.76,40,1.2841,0.8592,3,11,45.35
2026-07-18,Grocery,29,1,82.24,82.24,0,0.2824,2.0588,4,22,1.24
2026-07-19,Grocery,59,6,462.94,300.91,35,0.4278,1.2472,5,7,6.96
2026-07-20,Bakery,77,12,55.44,44.35,20,2.2743,1.068,6,11,38.17
2026-07-21,Grocery,57,14,72.58,50.81,30,1.014,0.9529,0,5,20.91
2026-07-22,Seafood,9,4,237.29,142.37,40,0.8187,0.7796,1,23,6.46
2026-07-23,Deli,33,19,283.34,255.01,10,1.2837,1.3986,2,25,28.15
2026-07-24,Seafood,37,23,297.73,208.41,30,0.9049,1.8342,3,4,37
2026-07-25,Deli,80,20,263.37,197.53,25,1.4955,0.906,4,18,47.02
2026-07-26,Grocery,80,26,276.36,165.82,40,0.6749,0.6679,5,24,39.26
2026-07-27,Bakery,56,27,206.56,154.92,25,2.5982,2.7455,6,6,56
2026-07-28,Dairy,65,7,161.16,161.16,0,0.82,1.555,0,27,6.64
2026-07-29,Deli,26,14,125.19,93.89,25,1.9918,0.5115,1,22,26
2026-07-30,Grocery,4,26,56.82,42.62,25,1.1889,1.2743,2,3,4
2026-07-31,Dairy,9,15,269.9,229.41,15,1.4421,1.8645,3,29,9
2026-08-01,Dairy,6,22,324.64,243.48,25,2.5035,2.0851,4,28,6
2026-08-02,Bakery,50,8,350.06,210.04,40,1.213,2.7359,5,5,31.51
2026-08-03,Grocery,71,1,264.23,198.17,25,1.3748,0.8434,6,20,2.49
2026-08-04,Grocery,36,29,169.45,144.03,15,0.3733,1.0808,0,14,21.34
2026-08-05,Meat,32,17,296.27,177.76,40,1.467,1.0451,1,4,32
2026-08-06,Seafood,36,1,281.55,183.01,35,0.7387,0.5982,2,5,1.43
2026-08-07,Seafood,26,27,425.01,276.26,35,0.655,0.8116,3,24,26
2026-08-08,Bakery,23,30,267.68,160.61,40,2.4121,1.4698,4,28,23
2026-08-09,Dairy,57,20,290.85,247.22,15,0.6462,1.6715,5,30,21.05
2026-08-10,Grocery,9,22,151.89,106.32,30,0.3812,1.0195,6,28,9
2026-08-11,Bakery,77,26,226.17,158.32,30,1.14,2.0787,0,18,64.54
2026-08-12,Deli,73,22,290.14,203.1,30,1.0985,1.1429,1,27,40.87
2026-08-13,Grocery,53,19,111.32,111.32,0,1.5987,0.5463,2,22,24.11
2026-08-14,Grocery,72,13,143.11,107.33,25,0.7274,1.2921,3,11,16.87
2026-08-15,Grocery,42,17,97.05,58.23,40,1.4478,1.0281,4,14,42
2026-08-16,Meat,34,25,417.12,271.13,35,1.2278,1.0345,5,3,34
2026-08-17,Meat,31,19,151.31,98.35,35,0.6551,1.0205,6,7,22.54
2026-08-18,Deli,64,13,96.89,58.13,40,0.6314,1.0916,0,3,18.38
2026-08-19,Meat,11,27,67.36,60.62,10,1.2605,1.7055,1,26,11
2026-08-20,Dairy,79,12,329.05,279.69,15,1.0435,2.4144,2,25,24.79
2026-08-21,Grocery,32,4,126.34,82.12,35,1.2522,0.8311,3,11,8.49
2026-08-22,Deli,68,18,69.84,48.89,30,1.185,1.3039,4,8,39.98
2026-08-23,Deli,38,30,381.48,228.89,40,1.3332,1.3465,5,4,38
2026-08-24,Seafood,40,7,154.96,100.72,35,1.0582,0.8203,6,27,13.43
2026-08-25,Produce,11,16,391.89,333.11,15,1.7104,1.2329,0,4,11
2026-08-26,Meat,3,18,436.49,261.89,40,0.885,1.1925,1,11,3
2026-08-27,Bakery,37,15,221.51,199.36,10,2.0798,0.7949,2,23,29.37
2026-08-28,Grocery,72,9,225.54,180.43,20,0.4536,0.8749,3,25,5.53
2026-01-01,Meat,59,18,173.02,112.46,35,0.5635,0.8933,4,21,27.11
2026-01-02,Deli,9,11,77.56,65.93,15,0.9222,1.1062,5,4,9
2026-01-03,Seafood,64,22,497.47,397.98,20,0.799,0.6499,6,5,24.12
2026-01-04,Grocery,57,3,349.31,349.31,0,0.6938,1.058,0,27,3.28
2026-01-05,Seafood,53,18,123.39,86.37,30,0.9078,1.6368,1,21,34.13
2026-01-06,Deli,50,11,309.76,201.34,35,1.0457,1.0862,2,22,22.69
2026-01-07,Produce,76,21,168.04,142.83,15,1.438,3.5244,3,15,66.03
2026-01-08,Grocery,38,22,398.12,258.78,35,1.1086,0.7199,4,13,38
2026-01-09,Seafood,36,14,101.87,76.4,25,0.6505,1.3964,5,20,19.67
2026-01-10,Bakery,60,19,396.7,297.52,25,1.8427,1.9577,6,9,54.43
2026-01-11,Seafood,80,17,38.72,32.91,15,0.9259,1.3709,0,15,22.46
2026-01-12,Seafood,26,5,390.95,273.66,30,1.2203,0.8725,1,15,9.28
2026-01-13,Produce,80,11,313.91,251.13,20,2.0847,1.9632,2,30,42.55
2026-01-14,Dairy,25,4,97.27,82.68,15,1.2707,2.2838,3,16,8.34
2026-01-15,Grocery,63,23,172.54,146.66,15,1.0418,0.588,4,8,31.05
2026-01-16,Deli,15,23,68.84,51.63,25,1.3251,0.7752,5,15,15
2026-01-17,Bakery,71,1,32.13,19.28,40,0.2853,0.9896,6,20,0.44
2026-01-18,Dairy,13,7,107.12,74.98,30,1.5723,0.7585,0,3,13
2026-01-19,Seafood,60,9,89.08,57.9,35,1.0628,0.3903,1,7,13.33
2026-01-20,Produce,24,4,50.4,37.8,25,1.4368,2.1345,2,18,15.83
2026-01-21,Deli,58,8,189.22,122.99,35,1.5458,0.8697,3,29,18.83
2026-01-22,Produce,50,6,492.12,418.3,15,2.1569,1.8871,4,20,23.57
2026-01-23,Produce,32,25,264.14,198.1,25,1.243,2.7643,5,24,32
2026-01-24,Grocery,42,9,335.09,251.32,25,0.9664,0.8428,6,7,11.53
2026-01-25,Seafood,12,7,77.92,62.34,20,1.1819,1.2515,0,22,8.57
2026-01-26,Seafood,65,24,349.03,314.13,10,1.075,0.3467,1,15,27.98
2026-01-27,Seafood,34,7,340.64,289.54,15,0.8215,0.9045,2,15,9.48
2026-01-28,Produce,12,6,451.43,316.0,30,1.3415,1.8048,3,4,12
2026-01-29,Seafood,11,28,313.2,203.58,35,1.4733,0.7814,4,9,11
2026-01-30,Bakery,80,13,497.31,397.85,20,2.7974,1.4922,5,29,65.89
2026-01-31,Dairy,32,9,182.24,145.79,20,1.5594,1.4529,6,28,25.25
2026-02-01,Produce,16,24,269.48,175.16,35,0.9122,1.3374,0,19,16
2026-02-02,Bakery,57,27,189.04,160.68,15,1.713,2.207,1,11,57
2026-02-03,Grocery,71,2,124.88,87.42,30,0.7105,0.8715,2,22,1.59
2026-02-04,Dairy,73,15,75.9,53.13,30,1.5403,2.1047,3,19,50.95
2026-02-05,Meat,35,22,440.21,286.14,35,1.4393,1.242,4,16,35
2026-02-06,Meat,68,17,393.8,393.8,0,0.7141,1.9997,5,29,17.1
2026-02-07,Grocery,38,4,423.88,360.3,15,1.0641,0.9948,6,28,6.5
2026-02-08,Bakery,79,28,281.71,183.11,35,1.7039,1.4753,0,20,79
2026-02-09,Produce,78,8,238.53,190.82,20,2.3489,2.0784,1,7,37.11
2026-02-10,Bakery,73,21,262.49,170.62,35,2.1227,1.6478,2,8,73
2026-02-11,Meat,68,28,463.97,371.18,20,0.9209,1.1828,3,29,43.33
2026-02-12,Bakery,26,1,134.26,134.26,0,2.7614,1.8846,4,6,2.14
2026-02-13,Bakery,6,30,266.26,159.76,40,2.2415,1.7398,5,20,6
2026-02-14,Bakery,40,27,114.94,74.71,35,1.9509,1.3734,6,20,40
2026-02-15,Deli,43,30,333.69,300.32,10,1.0472,0.6894,0,28,30.36
2026-02-16,Grocery,56,9,396.94,337.4,15,1.102,1.2428,1,29,15.47
2026-02-17,Produce,15,26,41.56,33.25,20,1.3054,1.7974,2,17,15
2026-02-18,Seafood,54,25,460.1,460.1,0,0.5033,1.2618,3,21,23.28
2026-02-19,Grocery,12,15,182.42,182.42,0,0.6995,0.2603,4,24,11.77
2026-02-20,Grocery,37,14,68.71,68.71,0,1.2892,0.8315,5,25,15.4
2026-02-21,Bakery,31,23,493.72,493.72,0,2.7181,2.0395,6,6,31
2026-02-22,Grocery,78,20,152.71,91.63,40,1.467,1.108,0,9,44.01
2026-02-23,Grocery,73,14,121.09,102.93,15,1.3329,0.6526,1,21,24.1
2026-02-24,Meat,23,13,209.5,125.7,40,1.2027,0.7053,2,19,23
2026-02-25,Produce,18,19,249.43,149.66,40,1.7779,2.0459,3,3,18
2026-02-26,Deli,78,26,228.66,160.06,30,1.0384,1.2416,4,25,55.32
2026-02-27,Meat,19,8,35.58,32.02,10,1.2057,1.5578,5,27,18.25
2026-02-28,Deli,69,15,299.22,254.34,15,0.9398,1.4091,6,27,27.09
2026-03-01,Meat,20,12,471.85,283.11,40,1.4588,0.8463,0,6,20
2026-03-02,Grocery,61,16,163.12,146.81,10,0.9091,0.8563,1,28,16.55
2026-03-03,Bakery,72,4,344.66,292.96,15,2.6186,1.6599,2,21,16.98
2026-03-04,Grocery,58,5,151.48,128.76,15,1.5303,1.556,3,17,9.04
2026-03-05,Bakery,36,26,367.48,257.24,30,2.5237,1.7705,4,29,36
2026-03-06,Meat,40,12,202.1,202.1,0,0.8189,1.6208,5,7,17.22
2026-03-07,Dairy,49,28,261.05,261.05,0,2.2231,1.4788,6,26,49
2026-03-08,Bakery,54,3,129.29,90.5,30,0.4951,2.5097,0,7,5.01
2026-03-09,Deli,63,28,496.14,421.72,15,1.2731,1.6328,1,26,51.36
2026-03-10,Seafood,3,9,52.75,31.65,40,0.1467,0.8177,2,25,3
2026-03-11,Deli,60,23,139.18,118.3,15,0.9563,1.3395,3,20,34.32
2026-03-12,Seafood,50,25,27.97,25.17,10,1.1733,0.9909,4,4,35.34
2026-03-13,Bakery,76,4,201.61,201.61,0,1.4271,0.9999,5,28,4.35
2026-03-14,Bakery,14,27,174.62,113.5,35,2.9337,2.3412,6,29,14
2026-03-15,Seafood,59,26,50.29,42.75,15,0.6739,0.9217,0,5,25.11
2026-03-16,Seafood,78,14,174.11,174.11,0,1.2621,0.909,1,23,19.76
2026-03-17,Bakery,67,29,297.65,223.24,25,1.1399,1.355,2,12,62.9
2026-03-18,Dairy,21,26,403.79,242.27,40,0.9286,1.7972,3,14,21
2026-03-19,Dairy,35,20,157.54,94.52,40,2.5089,1.5466,4,26,35
2026-03-20,Bakery,68,20,464.71,278.83,40,1.9609,2.2451,5,27,68
2026-03-21,Produce,12,25,41.87,29.31,30,1.8841,2.5361,6,20,12
2026-03-22,Produce,54,20,130.35,110.8,15,3.3424,2.5302,0,28,54
2026-03-23,Produce,59,12,146.62,117.3,20,3.408,1.2989,1,16,59
2026-03-24,Meat,54,2,434.47,282.41,35,1.4956,1.1846,2,25,5.83
2026-03-25,Deli,41,29,467.2,373.76,20,1.6966,0.298,3,13,41
2026-03-26,Seafood,51,8,462.54,346.91,25,0.7575,0.982,4,17,13.92
2026-03-27,Seafood,38,15,359.73,233.82,35,0.9834,0.6604,5,14,32.05
2026-03-28,Bakery,53,12,100.74,85.63,15,1.7885,1.7251,6,27,39.24
2026-03-29,Deli,8,4,259.36,194.52,25,1.4094,1.1352,0,22,5.9
2026-03-30,Bakery,32,29,72.37,65.13,10,2.5021,1.7878,1,22,32
2026-03-31,Produce,21,1,181.05,135.79,25,1.9673,1.815,2,15,2.6
2026-04-01,Bakery,25,22,104.89,104.89,0,1.0707,2.2184,3,11,25
2026-04-02,Produce,25,3,499.15,449.24,10,1.7045,1.8101,4,13,7.33
2026-04-03,Seafood,75,26,194.74,194.74,0,1.5232,0.9355,5,4,40.95
2026-04-04,Bakery,17,11,185.2,157.42,15,0.8246,2.215,6,28,17
2026-04-05,Produce,78,22,148.32,103.82,30,2.5589,2.0976,0,27,78
2026-04-06,Grocery,27,23,426.15,255.69,40,0.8884,0.9209,1,14,27
2026-04-07,Produce,78,24,345.18,345.18,0,2.8877,1.54,2,15,60.89
2026-04-08,Deli,30,22,485.67,485.67,0,1.0841,1.4223,3,6,30
2026-04-09,Bakery,47,9,84.88,84.88,0,2.2808,1.4046,4,27,17.16
2026-04-10,Deli,12,3,282.81,254.53,10,1.1735,2.2556,5,13,5.29
2026-04-11,Meat,25,20,480.93,336.65,30,0.736,1.5523,6,13,25
2026-04-12,Dairy,49,2,209.26,209.26,0,1.0689,2.5795,0,21,3.6
2026-04-13,Meat,5,1,213.95,139.07,35,1.889,0.8464,1,15,2.64
2026-04-14,Produce,64,15,149.81,119.85,20,1.9195,2.7072,2,25,55.74
2026-04-15,Produce,30,5,339.55,254.66,25,1.6214,2.8711,3,3,23.72
2026-04-16,Bakery,65,13,242.78,206.36,15,1.6942,1.7654,4,8,39.07
2026-04-17,Produce,4,12,59.62,47.7,20,2.6041,1.9523,5,12,4
2026-04-18,Bakery,71,15,146.02,146.02,0,2.2575,1.2477,6,21,26.45
2026-04-19,Produce,22,25,128.95,103.16,20,1.5111,3.1044,0,4,22
2026-04-20,Meat,56,2,423.49,423.49,0,1.3671,1.0783,1,27,2.65
2026-04-21,Meat,55,18,267.46,213.97,20,1.8999,1.1602,2,17,48.43
2026-04-22,Dairy,20,26,317.73,317.73,0,1.8458,1.3664,3,17,20
2026-04-23,Deli,75,25,289.33,173.6,40,0.959,1.6165,4,26,69.45
2026-04-24,Meat,57,25,173.05,112.48,35,1.317,1.8823,5,10,57
2026-04-25,Grocery,25,22,403.74,343.18,15,0.6845,1.0738,6,17,24.01
2026-04-26,Bakery,79,23,84.89,50.93,40,2.2463,2.5299,0,29,79
2026-04-27,Dairy,73,8,27.91,22.33,20,0.3013,1.9721,1,26,12.34
2026-04-28,Produce,11,6,192.47,173.22,10,2.7263,0.6966,2,26,11
2026-04-29,Bakery,49,22,293.63,190.86,35,2.041,1.9632,3,13,49
2026-04-30,Meat,13,18,371.91,260.34,30,1.2851,0.7657,4,18,13
2026-05-01,Dairy,15,23,206.32,206.32,0,1.2762,0.7752,5,18,15
2026-05-02,Meat,80,25,432.59,389.33,10,0.2497,0.794,6,7,12.01
2026-05-03,Meat,77,30,252.81,214.89,15,1.2025,0.8497,0,4,44.87
2026-05-04,Produce,68,4,90.6,54.36,40,1.8551,2.1044,1,20,19.78
2026-05-05,Dairy,40,20,279.91,223.93,20,2.3359,2.3155,2,11,40
2026-05-06,Grocery,30,9,372.29,335.06,10,1.0548,1.7415,3,14,15.91
2026-05-07,Meat,28,20,358.02,304.32,15,1.0438,0.5645,4,4,28
2026-05-08,Deli,22,30,129.03,109.68,15,1.6279,1.4639,5,14,22
2026-05-09,Seafood,19,30,355.34,319.81,10,0.9198,1.3292,6,7,19
2026-05-10,Meat,56,3,184.35,184.35,0,1.2716,0.8235,0,3,3.7
2026-05-11,Produce,10,27,188.61,150.89,20,2.6916,1.743,1,21,10
2026-05-12,Bakery,71,20,131.52,118.37,10,1.9594,1.483,2,22,43.82
2026-05-13,Bakery,12,14,248.1,161.27,35,1.9205,1.6831,3,19,12
2026-05-14,Dairy,6,4,150.24,112.68,25,1.2646,1.9065,4,8,6
2026-05-15,Dairy,13,19,405.69,324.55,20,2.0079,1.3241,5,15,13
2026-05-16,Meat,50,29,485.2,315.38,35,1.1115,1.4912,6,17,50
2026-05-17,Seafood,8,29,207.0,134.55,35,1.0194,0.8517,0,14,8
2026-05-18,Bakery,77,10,161.3,120.98,25,1.752,1.7543,1,16,33.23
2026-05-19,Grocery,42,7,312.21,249.77,20,0.9075,0.6197,2,22,7.59
2026-05-20,Grocery,61,6,115.14,97.87,15,1.2469,0.7595,3,29,10.01
2026-05-21,Bakery,40,3,485.11,363.83,25,1.9357,2.3433,4,13,15.51
2026-05-22,Produce,44,18,151.61,128.87,15,2.9997,2.5799,5,19,44
2026-05-23,Produce,8,29,278.56,167.14,40,2.8924,1.7469,6,22,8
2026-05-24,Grocery,33,5,369.07,332.16,10,0.8532,0.7868,0,15,3.39
2026-05-25,Deli,28,8,290.86,232.69,20,1.7093,0.8265,1,17,19.86
2026-05-26,Dairy,49,29,341.69,239.18,30,1.4,1.1851,2,11,49
2026-05-27,Dairy,7,27,409.24,327.39,20,2.2263,1.8299,3,18,7
2026-05-28,Grocery,50,1,490.57,367.93,25,1.3883,0.77,4,26,2.83
2026-05-29,Grocery,75,30,345.69,207.41,40,0.8129,1.2882,5,28,53.54
2026-05-30,Deli,45,24,474.82,332.37,30,0.7374,1.5774,6,21,41.46
2026-05-31,Grocery,37,28,211.69,137.6,35,1.1233,0.9745,0,5,37
2026-06-01,Dairy,39,11,200.72,200.72,0,1.9116,0.58,1,22,14.65
2026-06-02,Deli,14,17,412.01,350.21,15,1.237,0.7164,2,21,14
2026-06-03,Grocery,41,13,426.01,362.11,15,1.7441,1.5152,3,3,33.41
2026-06-04,Grocery,38,28,89.94,62.96,30,1.0785,0.6059,4,6,38
2026-06-05,Seafood,9,10,498.91,374.18,25,1.0353,0.6912,5,10,9
2026-06-06,Seafood,23,29,471.96,424.76,10,0.8134,1.1237,6,4,23
2026-06-07,Grocery,55,19,129.51,77.71,40,1.5194,1.1148,0,24,55
2026-06-08,Bakery,71,1,331.67,298.5,10,1.0252,1.818,1,6,1.41
2026-06-09,Bakery,73,12,237.15,177.86,25,2.0991,1.646,2,29,46.05
2026-06-10,Produce,25,9,230.65,138.39,40,1.9173,3.1547,3,4,25
2026-06-11,Bakery,27,16,330.34,280.79,15,1.0302,2.6595,4,24,27
2026-06-12,Bakery,70,23,220.19,154.13,30,2.6271,1.0938,5,17,70
2026-06-13,Dairy,58,19,215.14,150.6,30,2.061,1.2531,6,3,58
2026-06-14,Bakery,10,9,331.71,331.71,0,2.5908,1.4546,0,17,10
2026-06-15,Meat,6,3,465.6,325.92,30,1.2732,0.9176,1,4,6
2026-06-16,Bakery,22,1,254.83,216.61,15,1.7701,1.6026,2,30,2.99
2026-06-17,Dairy,57,4,37.57,28.18,25,2.0393,1.5857,3,28,15.99
2026-06-18,Bakery,30,25,387.46,348.71,10,1.4226,1.8114,4,15,30
2026-06-19,Meat,47,12,361.86,235.21,35,1.1429,1.3363,5,22,35.34
2026-06-20,Produce,76,6,369.97,221.98,40,2.1366,1.4617,6,14,27.49
2026-06-21,Seafood,30,29,457.03,388.48,15,0.0949,1.0881,0,27,16.22
2026-06-22,Seafood,32,15,357.17,285.74,20,1.2362,0.6724,1,30,25.28
2026-06-23,Grocery,31,23,396.38,317.1,20,1.2561,1.2166,2,5,31
2026-06-24,Meat,7,12,248.03,223.23,10,1.5072,0.8704,3,15,7
2026-06-25,Meat,18,16,388.13,329.91,15,1.2171,1.2059,4,4,18
2026-06-26,Bakery,65,1,84.22,54.74,35,2.5341,2.2558,5,10,9.85
2026-06-27,Meat,74,22,325.26,276.47,15,0.7801,0.8685,6,18,17.62
2026-06-28,Produce,58,26,463.45,347.59,25,1.4713,1.9013,0,17,58
2026-06-29,Seafood,19,9,93.95,75.16,20,1.0211,1.663,1,7,15.51
2026-06-30,Dairy,68,30,33.02,29.72,10,1.512,1.1261,2,24,58.51
2026-07-01,Seafood,75,24,98.28,83.54,15,0.8948,1.1951,3,15,39.41
2026-07-02,Bakery,26,13,415.0,290.5,30,2.023,2.5655,4,23,26
2026-07-03,Seafood,64,24,435.63,348.5,20,0.7624,1.2563,5,20,39.26
2026-07-04,Bakery,53,9,349.75,209.85,40,1.6095,2.7994,6,10,46.51
2026-07-05,Seafood,42,18,391.78,274.25,30,0.9186,1.2367,0,5,34.2
2026-07-06,Dairy,52,25,107.89,107.89,0,1.069,1.4797,1,26,26.46
2026-07-07,Grocery,49,22,208.41,145.89,30,1.2692,0.9351,2,4,36.61
2026-07-08,Deli,35,11,295.12,250.85,15,1.7687,0.9955,3,26,22.06
2026-07-09,Deli,12,3,293.96,205.77,30,1.5269,1.062,4,21,9.86
2026-07-10,Produce,76,3,367.43,293.94,20,1.3553,1.6447,5,4,5.7
2026-07-11,Grocery,3,26,410.32,410.32,0,1.0133,0.9927,6,8,3
2026-07-12,Produce,12,1,320.81,192.49,40,2.9311,2.5504,0,9,7.46
2026-07-13,Meat,58,8,455.32,295.96,35,1.2765,0.6849,1,17,17.34
2026-07-14,Grocery,75,2,478.57,287.14,40,1.045,1.176,2,5,2.79
2026-07-15,Seafood,26,20,87.63,56.96,35,0.9215,0.8706,3,13,26
2026-07-16,Produce,70,19,279.01,167.41,40,1.5657,1.496,4,9,70
2026-07-17,Produce,76,22,452.55,339.41,25,2.9939,2.2372,5,23,76
2026-07-18,Seafood,45,13,171.66,171.66,0,1.3507,0.7846,6,8,16.18
2026-07-19,Dairy,21,4,46.7,42.03,10,0.7713,1.1407,0,3,3.65
2026-07-20,Seafood,65,12,408.59,306.44,25,1.305,0.8851,1,18,17.41
2026-07-21,Bakery,9,23,25.57,16.62,35,2.1873,2.3913,2,12,9
2026-07-22,Deli,58,18,260.8,195.6,25,0.694,0.9879,3,5,28.31
2026-07-23,Grocery,28,27,208.19,145.73,30,0.663,0.1791,4,11,28
2026-07-24,Seafood,7,11,35.95,28.76,20,0.6057,1.2338,5,26,7
2026-07-25,Grocery,75,9,227.65,193.5,15,1.018,1.315,6,6,12.68
2026-07-26,Produce,48,19,90.24,58.66,35,2.081,2.4014,0,26,48
2026-07-27,Bakery,50,6,191.14,162.47,15,1.0051,1.2081,1,24,9.28
2026-07-28,Dairy,41,14,136.52,122.87,10,1.938,1.0054,2,20,34.18
2026-07-29,Seafood,45,19,315.57,220.9,30,0.6795,1.1468,3,16,25.56
2026-07-30,Dairy,45,10,383.02,287.26,25,1.4868,1.1145,4,12,27.77
2026-07-31,Meat,53,4,295.46,236.37,20,1.2497,1.1046,5,25,7.16
2026-08-01,Seafood,38,9,299.7,224.77,25,0.9959,1.4509,6,19,17.68
2026-08-02,Seafood,74,22,106.39,85.11,20,0.728,1.1301,0,16,26.25
2026-08-03,Dairy,64,20,368.68,294.94,20,2.2786,1.451,1,19,58.03
2026-08-04,Meat,37,28,72.39,61.53,15,0.9633,1.1332,2,27,37
2026-08-05,Meat,19,15,54.07,45.96,15,1.4294,1.3494,3,30,19
2026-08-06,Meat,27,12,161.36,104.88,35,1.1921,0.8435,4,21,27
2026-08-07,Dairy,19,28,42.71,42.71,0,1.9086,1.5968,5,5,19
2026-08-08,Dairy,31,24,294.12,294.12,0,1.6832,1.9639,6,14,31
2026-08-09,Bakery,17,5,121.92,73.15,40,1.485,2.2677,0,15,16.21
2026-08-10,Dairy,77,11,185.26,111.16,40,2.146,2.0582,1,16,50.21
2026-08-11,Seafood,76,3,314.5,283.05,10,0.8793,1.1547,2,13,3.34
2026-08-12,Grocery,31,13,65.2,52.16,20,1.2588,1.3479,3,4,22.67
2026-08-13,Dairy,26,10,115.48,75.06,35,1.9294,2.0608,4,9,26
2026-08-14,Deli,40,15,111.98,72.79,35,1.825,1.2449,5,12,40
2026-08-15,Dairy,60,22,364.25,236.76,35,0.6933,1.4807,6,29,42.33
2026-08-16,Meat,6,27,40.52,28.36,30,0.7329,0.9282,0,21,6
2026-08-17,Seafood,51,9,382.8,382.8,0,1.2259,1.3001,1,18,13.52
2026-08-18,Grocery,39,29,55.6,41.7,25,1.2756,1.0314,2,9,39
2026-08-19,Seafood,10,11,98.7,69.09,30,1.0779,0.8475,3,11,10
2026-08-20,Grocery,46,13,111.06,77.74,30,0.5596,0.9365,4,27,12.79
2026-08-21,Dairy,28,7,88.4,75.14,15,1.2267,1.2698,5,15,15.2
2026-08-22,Meat,30,4,122.1,122.1,0,1.2563,1.1295,6,11,5.73
2026-08-23,Grocery,59,15,57.17,51.45,10,0.8225,0.7219,0,3,8.87
2026-08-24,Grocery,57,28,92.45,55.47,40,1.2206,0.7861,1,29,55.39
2026-08-25,Deli,10,8,107.44,75.21,30,1.2415,1.3409,2,26,10
2026-08-26,Meat,36,18,412.63,350.74,15,0.6183,1.1217,3,25,20.45
2026-08-27,Seafood,8,5,85.35,64.01,25,0.1634,1.0687,4,28,4.5
2026-08-28,Seafood,14,1,240.75,204.64,15,0.354,1.2836,5,7,0.74
2026-01-01,Deli,50,2,52.78,34.31,35,1.4812,1.0601,6,27,6.35
2026-01-02,Bakery,63,27,330.04,198.02,40,1.3294,1.6187,0,6,63
2026-01-03,Meat,79,26,469.46,399.04,15,1.2102,1.0524,1,20,38.86
2026-01-04,Seafood,59,30,98.19,58.91,40,1.2035,0.7305,2,30,59
2026-01-05,Bakery,22,6,175.41,175.41,0,2.0714,1.1227,3,27,10.16
2026-01-06,Meat,35,10,459.56,390.63,15,0.7486,1.4597,4,23,14.19
2026-01-07,Dairy,76,15,390.47,351.42,10,1.5663,1.3017,5,6,41.1
2026-01-08,Meat,68,15,44.93,31.45,30,1.6432,1.5161,6,28,41.7
2026-01-09,Produce,9,20,343.06,308.75,10,1.7861,2.054,0,4,9
2026-01-10,Seafood,31,21,309.18,216.43,30,0.6666,1.4734,1,22,31
2026-01-11,Deli,48,23,109.65,76.75,30,1.1169,0.4351,2,8,39.77
2026-01-12,Dairy,66,29,474.04,355.53,25,1.6545,1.5008,3,8,66
2026-01-13,Dairy,49,1,432.15,367.33,15,1.814,1.844,4,28,2.44
2026-01-14,Deli,51,19,428.75,343.0,20,1.458,1.6965,5,3,47.8
2026-01-15,Produce,28,18,121.12,90.84,25,1.7914,2.6238,6,19,28
2026-01-16,Seafood,66,17,266.57,186.6,30,0.8657,1.201,0,28,26.5
2026-01-17,Dairy,50,1,316.58,205.78,35,1.5798,0.82,1,13,4.22
2026-01-18,Dairy,60,26,261.0,221.85,15,1.888,0.9899,2,9,60
2026-01-19,Dairy,79,29,377.01,245.06,35,1.5354,1.7862,3,28,79
2026-01-20,Dairy,48,6,294.44,294.44,0,1.2174,0.6832,4,14,8.89
2026-01-21,Meat,21,3,409.52,348.09,15,1.4638,1.155,5,21,6.41
2026-01-22,Deli,12,4,178.23,115.85,35,0.957,1.2408,6,13,8.94
2026-01-23,Deli,77,25,216.06,140.44,35,1.2221,1.7345,0,8,63.45
2026-01-24,Seafood,40,20,340.44,289.37,15,0.4806,1.1532,1,13,19.0
2026-01-25,Produce,68,9,37.86,26.5,30,2.3884,2.2327,2,27,48.72
2026-01-26,Seafood,8,2,154.49,123.59,20,1.186,0.8554,3,29,2.72
2026-01-27,Produce,25,3,428.99,386.09,10,2.41,1.8852,4,19,13.35
2026-01-28,Produce,17,30,362.83,308.41,15,2.5368,2.5134,5,20,17
2026-01-29,Grocery,41,13,449.47,404.52,10,1.0144,0.8559,6,4,14.11
2026-01-30,Grocery,42,10,381.29,381.29,0,1.3953,1.2868,0,21,13.07
2026-01-31,Meat,66,30,235.07,141.04,40,1.1114,1.3862,1,15,66
2026-02-01,Produce,39,13,474.22,308.24,35,3.0114,1.9931,2,6,39
2026-02-02,Meat,19,14,128.41,109.15,15,1.262,1.2175,3,8,19
2026-02-03,Bakery,26,7,33.13,29.82,10,1.3132,2.1092,4,11,16.95
2026-02-04,Meat,17,7,158.67,95.2,40,1.894,0.8189,5,30,17
2026-02-05,Bakery,63,3,434.78,260.87,40,1.278,2.3205,6,21,13.66
2026-02-06,Meat,38,20,298.3,268.47,10,0.8323,0.777,0,3,20.01
2026-02-07,Bakery,58,8,225.57,225.57,0,2.7753,1.7299,1,25,15.82
2026-02-08,Bakery,3,2,190.22,152.18,20,1.7901,1.1278,2,30,3
2026-02-09,Bakery,44,1,325.11,227.58,30,2.3931,1.9568,3,19,3.72
2026-02-10,Dairy,3,18,469.28,398.89,15,2.399,1.1068,4,21,3
2026-02-11,Seafood,10,20,53.33,34.66,35,0.592,0.6193,5,29,10
2026-02-12,Grocery,58,25,468.44,374.75,20,1.1966,1.343,6,19,50.39
2026-02-13,Meat,52,29,344.76,275.81,20,0.5908,1.184,0,26,33.69
2026-02-14,Bakery,46,17,326.62,212.3,35,2.1071,2.3334,1,27,46
2026-02-15,Bakery,12,1,115.19,97.91,15,2.5985,1.9167,2,22,4.35
2026-02-16,Dairy,72,4,428.35,342.68,20,1.3027,1.7349,3,5,8.9
2026-02-17,Meat,44,16,361.42,361.42,0,0.4805,0.5171,4,18,10.99
2026-02-18,Grocery,8,4,225.68,157.98,30,1.0967,0.8387,5,19,5.45
2026-02-19,Bakery,37,28,142.5,128.25,10,0.6983,1.3614,6,17,30.72
2026-02-20,Grocery,61,4,461.15,415.03,10,0.7184,1.3221,0,10,2.79
2026-02-21,Meat,41,23,191.22,114.73,40,0.8722,1.3159,1,25,41
2026-02-22,Seafood,22,24,358.21,232.84,35,0.371,1.3912,2,8,22
2026-02-23,Meat,48,28,298.0,268.2,10,1.3244,1.3322,3,12,48
2026-02-24,Meat,78,17,293.61,249.57,15,0.9483,1.2954,4,23,27.66
2026-02-25,Bakery,59,25,375.63,319.29,15,2.4665,1.151,5,17,59
2026-02-26,Deli,63,21,92.79,60.31,35,0.0891,1.6999,6,21,20.59
2026-02-27,Meat,65,13,35.26,35.26,0,1.7167,0.6807,0,12,16.06
2026-02-28,Produce,66,22,146.08,102.26,30,1.4625,0.9245,1,19,60.16
2026-03-01,Dairy,80,26,405.94,304.45,25,1.912,1.8809,2,12,80
2026-03-02,Seafood,69,15,473.27,331.29,30,1.0389,1.3224,3,15,25.77
2026-03-03,Deli,77,25,278.51,208.88,25,1.0823,1.1874,4,22,54.09
2026-03-04,Dairy,68,22,407.95,407.95,0,1.3511,1.7442,5,8,42.0
2026-03-05,Grocery,61,5,43.57,28.32,35,0.1177,0.8991,6,4,4.23
2026-03-06,Bakery,72,27,110.09,82.57,25,1.6135,1.9968,0,20,72
2026-03-07,Meat,27,18,440.59,440.59,0,1.5829,0.9645,1,29,27
2026-03-08,Meat,33,18,318.96,191.38,40,1.0435,1.7463,2,16,33
2026-03-09,Seafood,4,8,95.95,57.57,40,0.887,1.043,3,4,4
2026-03-10,Bakery,8,7,347.84,226.1,35,1.8393,1.2523,4,22,8
2026-03-11,Deli,29,21,33.21,23.25,30,0.7362,1.0763,5,11,29
2026-03-12,Seafood,27,19,417.1,312.83,25,0.5278,1.0453,6,26,17.9
2026-03-13,Bakery,18,21,277.14,235.57,15,1.788,1.1345,0,4,18
2026-03-14,Bakery,29,4,228.17,205.35,10,2.2791,1.9266,1,11,10.39
2026-03-15,Dairy,79,20,470.62,305.9,35,2.7314,0.8376,2,16,79
2026-03-16,Meat,54,29,413.79,289.65,30,1.5657,1.7734,3,7,54
2026-03-17,Bakery,47,11,315.36,204.98,35,2.5699,2.0036,4,16,47
2026-03-18,Seafood,26,6,471.0,400.35,15,0.9281,0.9241,5,23,9.13
2026-03-19,Produce,59,10,401.74,301.31,25,3.6162,1.3134,6,15,57.23
2026-03-20,Deli,39,18,350.25,245.17,30,0.9926,1.3837,0,30,31.25
2026-03-21,Seafood,32,27,278.83,195.18,30,0.9742,1.4083,1,7,32
2026-03-22,Deli,47,11,128.63,109.34,15,0.9493,0.5167,2,10,12.67
2026-03-23,Grocery,26,5,474.59,427.13,10,0.9838,1.4708,3,10,5.76
2026-03-24,Seafood,21,21,325.82,195.49,40,0.5685,0.9095,4,26,21
2026-03-25,Dairy,47,20,288.95,202.26,30,2.2467,1.2402,5,21,47
2026-03-26,Produce,24,10,348.6,244.02,30,2.8839,2.9152,6,19,24
2026-03-27,Deli,50,16,317.1,190.26,40,1.3239,1.4977,0,4,43.33
2026-03-28,Meat,9,28,197.55,177.8,10,1.0778,1.4626,1,14,9
2026-03-29,Produce,48,7,391.88,293.91,25,2.5028,1.3183,2,26,30.63
2026-03-30,Seafood,40,24,78.26,46.96,40,1.2043,1.1421,3,17,40
2026-03-31,Dairy,40,9,427.52,342.02,20,0.097,1.8178,4,19,9.87
2026-04-01,Meat,31,1,117.74,94.19,20,0.4105,1.4187,5,29,1.56
2026-04-02,Produce,79,17,490.69,318.95,35,2.1961,2.6629,6,19,79
2026-04-03,Meat,25,29,410.74,369.67,10,0.9569,1.2631,0,12,25
2026-04-04,Seafood,58,18,112.38,101.14,10,0.844,0.8465,1,25,20.13
2026-04-05,Deli,44,14,420.07,336.06,20,1.8077,0.9411,2,19,27.99
2026-04-06,Bakery,68,4,293.15,263.83,10,1.9242,1.2915,3,9,11.37
2026-04-07,Deli,51,9,260.87,156.52,40,0.8164,1.3238,4,21,23.01
2026-04-08,Bakery,31,10,124.7,81.06,35,2.7779,2.2811,5,11,31
2026-04-09,Grocery,58,21,149.45,104.61,30,1.4405,1.1297,6,4,46.4
2026-04-10,Bakery,71,2,307.9,215.53,30,1.7215,1.097,0,20,5.97
2026-04-11,Dairy,46,27,102.77,92.49,10,0.9782,1.3843,1,8,31.02
2026-04-12,Produce,52,10,156.54,117.41,25,1.7903,0.9605,2,29,25.14
2026-04-13,Produce,61,20,301.85,181.11,40,2.7356,3.1589,3,18,61
2026-04-14,Deli,76,21,190.55,161.97,15,1.726,1.758,4,29,56.53
2026-04-15,Meat,25,2,93.14,55.88,40,1.087,0.7323,5,24,2.87
2026-04-16,Seafood,12,21,414.5,310.88,25,0.7882,0.7288,6,22,12
2026-04-17,Seafood,13,15,244.51,171.16,30,0.9015,0.5686,0,13,13
2026-04-18,Seafood,37,4,402.53,322.02,20,0.776,0.4927,1,8,5.04
2026-04-19,Meat,69,13,74.79,63.57,15,1.0179,0.6347,2,27,16.93
2026-04-20,Grocery,71,28,79.19,71.27,10,1.4007,0.637,3,18,38.28
2026-04-21,Seafood,13,18,155.67,108.97,30,0.316,0.6392,4,24,13
2026-04-22,Seafood,76,27,324.38,275.72,15,0.9796,1.0467,5,21,39.25
2026-04-23,Bakery,43,12,95.21,61.89,35,2.5437,1.4732,6,5,43
2026-04-24,Produce,43,27,378.64,378.64,0,3.215,2.0191,0,26,43
2026-04-25,Bakery,43,25,117.7,76.51,35,2.8324,1.9117,1,21,43
2026-04-26,Bakery,34,1,480.3,408.25,15,2.1243,2.7405,2,12,1.1
2026-04-27,Dairy,43,21,191.04,152.83,20,1.4744,1.3696,3,29,43
2026-04-28,Meat,15,26,431.4,388.26,10,1.2719,1.3836,4,7,15
2026-04-29,Deli,62,7,123.13,110.82,10,2.0096,0.7333,5,9,17.67
2026-04-30,Grocery,54,25,91.43,54.86,40,0.5865,1.404,6,19,40.8
2026-05-01,Produce,54,20,294.97,235.98,20,1.2431,2.8558,0,13,54
2026-05-02,Meat,58,11,67.92,50.94,25,1.117,0.8638,1,23,19.25
2026-05-03,Deli,52,28,414.7,331.76,20,0.7312,0.9631,2,6,30.78
2026-05-04,Bakery,40,13,141.9,141.9,0,2.6703,1.2478,3,10,24.72
2026-05-05,Grocery,26,16,242.04,205.73,15,0.648,0.913,4,3,17.9
2026-05-06,Deli,34,30,165.12,148.61,10,0.7926,1.0014,5,5,34
2026-05-07,Seafood,55,23,61.36,55.22,10,0.5527,0.608,6,9,18.23
2026-05-08,Deli,41,18,219.56,164.67,25,1.1052,1.5355,0,6,34.82
2026-05-09,Bakery,74,7,284.76,242.05,15,1.3636,1.8226,1,9,15.55
2026-05-10,Grocery,68,5,439.37,329.53,25,1.4026,0.6993,2,17,7.46
2026-05-11,Bakery,77,17,134.21,93.95,30,2.1951,0.6133,3,4,55.2
2026-05-12,Grocery,54,16,148.56,148.56,0,0.7912,0.8325,4,20,14.22
2026-05-13,Seafood,38,28,470.78,282.47,40,0.9611,0.3559,5,30,38
2026-05-14,Produce,45,8,280.38,168.23,40,1.3498,2.4585,6,17,35.7
2026-05-15,Deli,28,29,35.1,22.82,35,1.5673,0.3431,0,27,28
2026-05-16,Grocery,37,27,393.44,393.44,0,0.9424,1.2113,1,21,34.17
2026-05-17,Meat,69,25,453.04,271.82,40,1.2196,1.4574,2,19,61.9
2026-05-18,Dairy,32,24,126.86,95.14,25,1.0959,1.5339,3,29,32
2026-05-19,Deli,32,4,365.79,365.79,0,1.0527,1.0773,4,29,5.63
2026-05-20,Produce,56,28,485.43,412.62,15,1.8625,1.4215,5,14,56
2026-05-21,Deli,24,26,485.7,364.27,25,1.9415,1.4885,6,5,24
2026-05-22,Meat,48,2,238.85,203.02,15,0.8868,1.6553,0,5,2.86
2026-05-23,Bakery,66,2,352.5,264.38,25,2.1552,2.0203,1,10,7.13
2026-05-24,Seafood,12,18,53.26,31.96,40,1.9939,0.8487,2,23,12
2026-05-25,Dairy,38,5,283.39,170.03,40,2.3365,1.6282,3,15,22.09
2026-05-26,Deli,76,28,218.27,185.53,15,1.1143,1.2639,4,18,53.75
2026-05-27,Seafood,21,10,113.12,113.12,0,0.8376,1.4649,5,16,10.86
2026-05-28,Bakery,71,4,418.51,418.51,0,1.4534,2.2497,6,19,6.97
2026-05-29,Grocery,51,4,127.18,76.31,40,1.4387,1.0284,0,4,6.86
2026-05-30,Dairy,7,25,40.1,28.07,30,1.7421,1.5608,1,28,7
2026-05-31,Grocery,20,24,58.29,40.8,30,1.2907,1.7144,2,17,20
2026-06-01,Grocery,43,20,39.26,35.33,10,0.9752,0.8375,3,28,22.9
2026-06-02,Meat,6,1,404.3,323.44,20,0.9752,1.0053,4,17,1.7
2026-06-03,Dairy,14,6,76.85,49.95,35,1.3607,0.8215,5,18,14
2026-06-04,Bakery,52,21,260.42,221.36,15,2.6297,2.4674,6,25,52
2026-06-05,Seafood,55,9,401.36,240.82,40,1.5363,1.0252,0,28,24.1
2026-06-06,Bakery,3,16,241.02,180.77,25,1.8067,1.9795,1,27,3
2026-06-07,Deli,19,10,112.24,95.4,15,1.0937,1.5024,2,7,18.23
2026-06-08,Deli,30,6,457.9,343.42,25,1.2078,1.0009,3,26,11.08
2026-06-09,Bakery,37,19,169.92,101.95,40,0.3295,1.9813,4,8,37
2026-06-10,Grocery,5,20,123.92,105.33,15,0.5691,1.201,5,7,5
2026-06-11,Grocery,13,14,334.48,250.86,25,1.2286,0.9877,6,24,13
2026-06-12,Dairy,47,9,417.9,292.53,30,1.079,1.2886,0,6,16.99
2026-06-13,Meat,17,22,176.84,159.16,10,1.2378,1.2671,1,15,17
2026-06-14,Seafood,39,23,372.94,242.41,35,0.8866,1.2439,2,19,39
2026-06-15,Produce,19,14,126.6,82.29,35,0.5207,3.3102,3,19,19
2026-06-16,Meat,42,9,241.69,241.69,0,0.8218,1.0832,4,5,10.18
2026-06-17,Meat,76,4,40.45,30.34,25,0.6563,0.7881,5,5,4.07
2026-06-18,Grocery,8,10,48.92,39.14,20,0.2997,1.4776,6,28,6.85
2026-06-19,Deli,38,8,281.66,183.08,35,0.6364,1.0892,0,4,15.26
2026-06-20,Meat,18,6,131.4,85.41,35,0.9291,1.4188,1,8,14.24
2026-06-21,Bakery,28,6,378.15,226.89,40,2.7938,1.4535,2,30,28
2026-06-22,Bakery,45,12,25.71,20.57,20,1.8028,1.7661,3,15,40.27
2026-06-23,Dairy,40,26,378.29,245.89,35,1.5855,0.9217,4,22,40
2026-06-24,Bakery,69,1,272.52,245.27,10,2.0295,1.9878,5,30,3.17
2026-06-25,Seafood,52,3,294.67,250.47,15,0.835,0.9632,6,18,3.08
2026-06-26,Dairy,61,30,377.53,226.52,40,1.4543,0.8771,0,26,61
2026-06-27,Deli,72,10,494.77,445.29,10,1.539,1.8764,1,20,18.98
2026-06-28,Grocery,36,16,209.54,209.54,0,1.7497,1.2117,2,19,28.59
2026-06-29,Deli,31,22,143.29,128.96,10,0.1696,1.6452,3,10,14.02
2026-06-30,Grocery,15,3,273.61,246.25,10,0.7853,1.4018,4,11,3.03
2026-07-01,Deli,21,17,385.63,289.22,25,1.0627,1.2405,5,23,21
2026-07-02,Deli,4,26,57.5,46.0,20,1.0609,1.438,6,13,4
2026-07-03,Grocery,80,19,308.68,231.51,25,1.0449,0.5926,0,30,22.77
2026-07-04,Grocery,59,14,95.43,95.43,0,1.3653,1.2142,1,3,18.16
2026-07-05,Seafood,72,5,457.37,388.76,15,1.3501,1.2448,2,19,7.93
2026-07-06,Grocery,39,20,484.87,412.14,15,1.3382,0.9275,3,5,35.37
2026-07-07,Grocery,44,9,454.8,272.88,40,1.0678,1.0938,4,23,26.42
2026-07-08,Dairy,42,14,100.89,80.71,20,1.1768,1.9107,5,22,37.01
2026-07-09,Bakery,74,25,476.45,333.51,30,1.8142,2.0098,6,16,74
2026-07-10,Bakery,25,21,398.49,278.94,30,1.7321,1.8845,0,6,25
2026-07-11,Bakery,62,2,310.77,248.62,20,0.653,2.3353,1,3,4.16
2026-07-12,Bakery,19,3,291.74,247.98,15,1.6508,1.8343,2,8,7.29
2026-07-13,Dairy,19,29,294.7,191.56,35,0.6434,1.6771,3,3,19
2026-07-14,Produce,36,29,474.59,332.21,30,3.1385,2.0708,4,29,36
2026-07-15,Seafood,36,29,173.23,173.23,0,1.0106,1.1266,5,8,34.28
2026-07-16,Dairy,56,15,494.1,370.58,25,0.4866,2.2872,6,10,26.95
2026-07-17,Bakery,66,12,366.61,293.29,20,1.9686,2.2526,0,30,37.33
2026-07-18,Dairy,33,9,191.12,124.23,35,3.2147,2.3453,1,13,33
2026-07-19,Seafood,19,4,417.37,354.76,15,0.8593,0.2743,2,19,5.78
2026-07-20,Grocery,56,28,359.21,233.49,35,1.7445,0.7236,3,30,56
2026-07-21,Dairy,12,9,479.29,287.57,40,0.2311,1.8439,4,20,12
2026-07-22,Grocery,37,17,400.3,300.23,25,0.3505,1.0943,5,23,15.38
2026-07-23,Dairy,4,12,42.34,38.11,10,0.9121,1.6325,6,21,4
2026-07-24,Grocery,21,10,84.64,59.25,30,1.4202,0.5867,0,16,17.42
2026-07-25,Produce,51,25,285.15,256.63,10,2.5609,2.3171,1,23,51
2026-07-26,Grocery,35,27,312.19,218.53,30,1.1393,1.1979,2,15,35
2026-07-27,Produce,38,23,405.49,364.94,10,1.8729,2.0285,3,25,38
2026-07-28,Meat,28,16,284.68,256.21,10,0.6785,1.0283,4,10,21.31
2026-07-29,Deli,46,8,346.65,259.99,25,1.2099,0.4809,5,28,15.49
2026-07-30,Dairy,11,24,275.91,206.93,25,1.0315,1.2567,6,11,11
2026-07-31,Seafood,5,25,189.98,170.98,10,0.9466,1.2452,0,8,5
2026-08-01,Bakery,50,6,172.73,129.55,25,2.6816,2.2295,1,25,28.37
2026-08-02,Grocery,42,2,315.37,204.99,35,1.0854,1.7245,2,18,4.55
2026-08-03,Dairy,67,4,207.9,207.9,0,1.5553,1.6545,3,17,6.13
2026-08-04,Meat,78,27,320.88,320.88,0,0.9279,1.6247,4,4,37.72
2026-08-05,Bakery,41,7,461.52,276.91,40,1.9811,1.4305,5,6,34.71
2026-08-06,Meat,62,27,386.92,251.5,35,0.6491,1.6265,6,23,48.48
2026-08-07,Seafood,22,13,386.27,270.39,30,0.7236,0.558,0,19,14.18
2026-08-08,Deli,77,4,332.81,199.69,40,1.0642,1.3395,1,14,8.13
2026-08-09,Bakery,18,21,61.59,36.95,40,1.4914,2.2127,2,18,18
2026-08-10,Dairy,70,18,346.1,207.66,40,1.7284,1.4629,3,7,65.45
2026-08-11,Seafood,79,15,386.22,308.98,20,0.1555,1.0303,4,25,10.69
2026-08-12,Meat,63,4,488.58,415.29,15,1.1561,1.2523,5,22,8.22
2026-08-13,Seafood,52,19,144.37,86.62,40,0.9608,0.5697,6,4,26.41
2026-08-14,Grocery,56,29,290.84,261.76,10,1.0621,1.0287,0,28,34.04
2026-08-15,Deli,4,18,345.02,241.51,30,1.3008,0.8064,1,8,4
2026-08-16,Produce,40,9,117.22,99.64,15,1.9671,2.1376,2,8,31.05
2026-08-17,Dairy,18,27,210.58,210.58,0,1.6265,1.0702,3,14,18
2026-08-18,Seafood,36,15,214.25,128.55,40,0.63,1.3813,4,24,29.66
2026-08-19,Produce,11,12,232.54,209.29,10,2.035,3.1677,5,26,11
2026-08-20,Dairy,44,3,51.09,45.98,10,1.2438,2.0051,6,29,3.32
2026-08-21,Dairy,12,13,27.1,27.1,0,1.601,1.9193,0,23,12
2026-08-22,Meat,36,25,449.07,381.71,15,0.9752,1.0544,1,26,36
2026-08-23,Produce,71,4,436.21,370.78,15,1.6698,3.1453,2,3,11.56
2026-08-24,Deli,16,30,375.83,338.25,10,1.1937,1.323,3,10,16
2026-08-25,Bakery,15,5,199.94,179.95,10,1.0804,2.4011,4,15,11.42
2026-08-26,Produce,54,10,363.63,290.9,20,0.896,2.1431,5,22,30.4
2026-08-27,Seafood,32,11,172.18,154.96,10,1.1329,1.0329,6,11,17.08
2026-08-28,Grocery,36,14,390.14,331.62,15,0.3476,0.4452,0,21,6.58
2026-01-01,Seafood,18,14,177.03,141.62,20,0.6374,0.824,1,7,14.87
2026-01-02,Meat,12,25,455.27,273.16,40,0.334,1.028,2,10,12
2026-01-03,Meat,75,12,261.43,235.29,10,0.9379,1.3148,3,4,11.98
2026-01-04,Seafood,79,22,244.38,195.5,20,1.422,0.8948,4,12,47.62
2026-01-05,Seafood,58,10,385.23,269.66,30,0.9449,0.6195,5,14,15.96
2026-01-06,Bakery,16,15,37.98,30.38,20,1.881,2.3895,6,6,16
2026-01-07,Deli,36,13,383.48,230.09,40,0.6104,1.0985,0,4,19.03
2026-01-08,Dairy,65,4,176.07,140.86,20,2.2698,0.7351,1,17,11.16
2026-01-09,Deli,12,27,424.25,296.97,30,1.0277,0.6834,2,8,12
2026-01-10,Deli,53,9,350.49,227.82,35,1.3671,1.9566,3,8,26.11
2026-01-11,Meat,41,17,498.59,299.15,40,0.8467,1.2254,4,15,41
2026-01-12,Produce,21,7,252.16,226.94,10,2.0657,2.5973,5,13,21
2026-01-13,Dairy,73,24,484.28,314.78,35,0.7039,1.6042,6,19,45.81
2026-01-14,Grocery,67,24,422.05,422.05,0,1.1409,0.6273,0,3,24.15
2026-01-15,Seafood,69,9,461.3,299.85,35,0.7069,0.793,1,14,13.97
2026-01-16,Seafood,36,8,27.86,27.86,0,1.0006,0.6515,2,22,3.95
2026-01-17,Seafood,63,5,120.01,78.01,35,0.8613,0.2235,3,16,5.13
2026-01-18,Deli,4,25,174.28,122.0,30,1.9281,1.0945,4,18,4
2026-01-19,Meat,62,20,262.41,183.69,30,0.9736,1.261,5,30,45.24
2026-01-20,Bakery,70,8,148.34,126.09,15,1.1241,0.7399,6,26,12.83
2026-01-21,Seafood,61,5,371.11,315.44,15,1.0824,0.9615,0,6,7.38
2026-01-22,Bakery,12,25,422.06,295.44,30,1.6768,1.4356,1,22,12
2026-01-23,Bakery,16,16,225.89,225.89,0,1.8679,1.4891,2,12,16
2026-01-24,Deli,73,27,216.97,173.58,20,0.9284,1.4192,3,6,44.78
2026-01-25,Seafood,77,14,28.74,24.43,15,1.1591,1.4331,4,21,27.17
2026-01-26,Seafood,4,18,70.44,52.83,25,0.05,1.0089,5,18,4
2026-01-27,Seafood,10,3,225.59,225.59,0,1.1334,0.6825,6,9,4.22
2026-01-28,Seafood,54,3,463.83,278.3,40,0.5447,0.958,0,13,3.45
2026-01-29,Produce,7,1,163.32,130.66,20,2.1856,2.5988,1,11,3.19
2026-01-30,Grocery,31,19,430.09,258.05,40,1.0685,1.13,2,17,31
2026-01-31,Grocery,74,8,27.53,22.02,20,1.0869,0.9798,3,11,8.64
2026-02-01,Bakery,47,6,317.5,222.25,30,2.67,2.3698,4,26,38.88
2026-02-02,Meat,19,8,244.46,207.79,15,1.5482,1.079,5,21,16.96
2026-02-03,Bakery,52,27,130.55,130.55,0,1.7316,1.5214,6,29,51.23
2026-02-04,Grocery,19,2,419.46,272.65,35,0.5179,1.1269,0,8,2.65
2026-02-05,Meat,41,21,194.05,155.24,20,0.7217,0.8798,1,26,23.01
2026-02-06,Produce,50,19,36.11,36.11,0,1.1207,1.9732,2,26,25.76
2026-02-07,Grocery,55,12,427.08,427.08,0,1.0248,1.1823,3,24,14.99
2026-02-08,Produce,16,30,293.4,249.39,15,1.6513,1.7968,4,27,16
2026-02-09,Seafood,33,10,319.36,239.52,25,0.2242,0.88,5,4,9.6
2026-02-10,Meat,25,8,451.91,316.34,30,1.3797,1.0338,6,10,20.67
2026-02-11,Deli,8,3,98.13,68.69,30,2.1351,1.7407,0,14,8
2026-02-12,Seafood,17,2,318.64,254.91,20,1.1567,0.8852,1,4,3.67
2026-02-13,Dairy,54,28,300.93,225.7,25,0.7376,1.3961,2,9,42.8
2026-02-14,Seafood,34,25,116.56,99.08,15,0.8346,1.0951,3,7,34
2026-02-15,Bakery,71,26,37.66,30.13,20,1.3895,2.5323,4,28,71
2026-02-16,Deli,37,25,67.97,67.97,0,0.8447,1.3111,5,30,25.98
2026-02-17,Meat,20,20,476.9,429.21,10,0.9065,1.6383,6,15,20
2026-02-18,Dairy,64,3,243.4,170.38,30,1.4663,1.6632,0,27,8.96
2026-02-19,Seafood,14,9,294.02,176.41,40,0.9187,0.4694,1,6,14
2026-02-20,Meat,26,5,212.87,191.58,10,1.0486,0.9552,2,7,4.84
2026-02-21,Grocery,38,28,249.89,212.41,15,1.4028,0.8233,3,15,38
2026-02-22,Deli,16,13,451.22,383.54,15,0.9335,0.4783,4,27,14.73
2026-02-23,Dairy,3,1,296.26,251.82,15,1.7577,1.0033,5,11,1.05
2026-02-24,Deli,20,28,153.48,122.78,20,1.2998,1.3473,6,13,20
2026-02-25,Deli,43,1,69.69,55.75,20,1.4415,1.1628,0,21,1.52
2026-02-26,Produce,41,4,137.94,137.94,0,1.2488,1.9292,1,7,7.03
2026-02-27,Deli,80,15,487.57,341.3,30,0.9682,1.1031,2,7,25.27
2026-02-28,Dairy,67,3,284.0,213.0,25,0.9547,1.0129,3,6,4.62
2026-03-01,Meat,3,6,168.69,101.21,40,0.6435,0.7497,4,23,3
2026-03-02,Grocery,76,27,119.18,95.34,20,1.4311,0.6557,5,16,44.23
2026-03-03,Deli,48,4,439.49,439.49,0,0.5486,1.4036,6,20,4.1
2026-03-04,Produce,58,10,155.6,108.92,30,1.1965,1.2034,0,9,21.21
2026-03-05,Seafood,72,24,106.6,74.62,30,1.1982,0.7673,1,18,39.72
2026-03-06,Dairy,25,13,33.54,25.16,25,1.2823,1.6394,2,12,25
2026-03-07,Dairy,43,28,375.13,337.62,10,1.3386,1.5999,3,20,43
2026-03-08,Dairy,26,6,438.05,438.05,0,1.5203,0.9447,4,23,7.57
2026-03-09,Grocery,41,6,237.43,154.33,35,1.4985,1.1905,5,8,20.83
2026-03-10,Produce,14,1,429.26,364.87,15,2.14,1.5657,6,21,2.96
2026-03-11,Dairy,4,20,399.33,259.56,35,1.9275,0.8309,0,17,4
2026-03-12,Bakery,55,5,214.29,160.72,25,2.9586,1.2423,1,21,23.33
2026-03-13,Deli,27,14,112.93,67.76,40,1.0782,1.4671,2,3,27
2026-03-14,Produce,12,8,48.7,43.83,10,1.5316,1.7957,3,8,12
2026-03-15,Dairy,41,6,422.27,380.04,10,0.8491,2.015,4,15,11.79
2026-03-16,Seafood,8,1,224.44,224.44,0,1.0595,0.8375,5,15,0.98
2026-03-17,Deli,17,13,463.65,301.37,35,1.2103,1.2589,6,16,17
2026-03-18,Seafood,53,5,158.66,111.06,30,1.3098,0.9228,0,11,9.82
2026-03-19,Grocery,59,3,417.43,354.82,15,1.214,1.2803,1,9,3.49
2026-03-20,Seafood,28,29,398.59,358.73,10,1.6381,0.9495,2,5,28
2026-03-21,Grocery,20,10,470.88,423.79,10,0.8082,0.8151,3,29,10.78
2026-03-22,Deli,28,4,243.39,146.03,40,0.3247,1.3438,4,16,4.34
2026-03-23,Seafood,57,2,432.86,346.29,20,0.8476,0.9915,5,8,1.79
2026-03-24,Meat,38,2,443.0,398.7,10,0.3495,1.2086,6,3,2.16
2026-03-25,Bakery,66,27,319.37,255.5,20,2.2686,2.191,0,4,66
2026-03-26,Dairy,74,10,129.12,96.84,25,1.4569,1.853,1,11,27.64
2026-03-27,Deli,45,14,403.16,262.05,35,0.9468,0.8473,2,27,23.7
2026-03-28,Bakery,48,6,440.22,308.15,30,1.7821,1.2736,3,21,20.05
2026-03-29,Bakery,62,9,107.15,69.65,35,1.1461,1.7572,4,23,27.5
2026-03-30,Bakery,79,1,185.98,130.19,30,1.416,1.4675,5,5,3.28
2026-03-31,Grocery,38,24,136.37,136.37,0,0.7239,1.0394,6,27,18.96
2026-04-01,Dairy,71,16,61.88,40.22,35,2.0785,1.6608,0,6,56.58
2026-04-02,Deli,61,8,264.96,198.72,25,0.8546,1.1358,1,15,14.63
2026-04-03,Produce,13,13,282.56,169.54,40,2.9939,0.7161,2,16,13
2026-04-04,Seafood,19,15,347.73,226.02,35,1.1625,0.9087,3,28,19
2026-04-05,Seafood,50,3,338.08,304.27,10,0.3243,0.8393,4,4,2.0
2026-04-06,Dairy,63,15,464.14,394.52,15,0.8169,1.3076,5,27,23.27
2026-04-07,Meat,45,10,44.48,26.69,40,0.6678,0.5914,6,10,11.7
2026-04-08,Deli,57,14,40.8,40.8,0,1.4298,1.2376,0,11,19.45
2026-04-09,Grocery,68,19,141.68,141.68,0,0.5996,1.2616,1,15,14.69
2026-04-10,Grocery,18,23,285.3,242.5,15,0.9359,1.078,2,16,18
2026-04-11,Seafood,76,16,330.13,297.12,10,0.4927,0.5949,3,16,7.98
2026-04-12,Deli,67,7,385.97,385.97,0,1.3796,0.744,4,21,11.53
2026-04-13,Grocery,41,7,347.88,295.7,15,0.822,0.5645,5,18,9.28
2026-04-14,Grocery,43,1,404.44,283.11,30,0.6953,1.3344,6,23,0.41
2026-04-15,Deli,20,19,91.02,81.92,10,1.1501,1.0823,0,27,20
2026-04-16,Produce,12,25,283.91,184.54,35,1.2803,1.7341,1,16,12
2026-04-17,Grocery,26,7,423.49,381.14,10,0.8295,1.1031,2,3,9.82
2026-04-18,Grocery,77,7,301.14,271.03,10,0.779,0.8193,3,20,5.11
2026-04-19,Dairy,18,16,291.88,189.72,35,1.0984,0.3827,4,10,18
2026-04-20,Grocery,61,3,375.33,375.33,0,0.4021,0.4549,5,12,1.18
2026-04-21,Meat,24,9,217.48,163.11,25,1.2433,1.2876,6,24,17.38
2026-04-22,Dairy,14,29,345.42,276.34,20,0.8876,1.8685,0,23,14
2026-04-23,Meat,5,23,78.65,55.05,30,1.183,0.6525,1,15,5
2026-04-24,Meat,11,6,318.04,190.82,40,1.1439,1.2166,2,22,11
2026-04-25,Meat,37,6,135.2,101.4,25,0.9432,0.892,3,30,9.94
2026-04-26,Produce,12,22,246.31,221.68,10,2.1319,1.3918,4,3,12
2026-04-27,Grocery,51,21,478.08,358.56,25,0.7271,0.6138,5,21,23.79
2026-04-28,Seafood,9,25,73.9,55.43,25,1.2771,1.1634,6,26,9
2026-04-29,Produce,68,5,69.25,69.25,0,2.2374,2.6224,0,22,12.75
2026-04-30,Dairy,41,14,45.2,45.2,0,1.6715,1.6552,1,20,26.39
2026-05-01,Bakery,11,17,240.77,156.5,35,2.0224,2.0632,2,23,11
2026-05-02,Seafood,40,25,420.64,294.45,30,0.7672,0.901,3,30,34.39
2026-05-03,Bakery,21,15,270.26,189.18,30,2.183,1.6965,4,5,21
2026-05-04,Bakery,72,14,26.04,23.44,10,1.0905,1.5844,5,15,20.73
2026-05-05,Seafood,24,4,404.91,263.19,35,0.8566,0.93,6,3,7.32
2026-05-06,Dairy,18,20,241.74,205.48,15,1.558,1.9703,0,24,18
2026-05-07,Deli,37,9,128.71,83.66,35,1.017,1.0325,1,24,17.72
2026-05-08,Seafood,65,29,452.5,407.25,10,2.0258,1.091,2,12,65
2026-05-09,Seafood,21,22,166.67,116.67,30,0.9927,1.2551,3,7,21
2026-05-10,Dairy,49,15,143.11,121.64,15,0.8645,1.1641,4,17,23.05
2026-05-11,Grocery,10,27,143.71,93.41,35,0.7735,0.7363,5,10,10
2026-05-12,Grocery,20,11,426.12,319.59,25,1.4321,1.2711,6,25,20
2026-05-13,Seafood,35,14,263.09,236.78,10,0.7208,0.4282,0,11,11.04
2026-05-14,Produce,34,1,440.01,330.01,25,0.8217,2.6909,1,20,0.99
2026-05-15,Dairy,48,4,440.28,264.17,40,1.8971,1.4959,2,15,12.19
2026-05-16,Grocery,28,5,481.35,385.08,20,1.6056,0.7357,3,28,10.55
2026-05-17,Grocery,70,20,218.68,196.81,10,1.3176,1.2875,4,30,33.23
2026-05-18,Produce,25,29,89.07,89.07,0,1.6709,2.3671,5,19,25
2026-05-19,Grocery,24,6,481.59,409.35,15,1.3627,1.0217,6,21,11.84
2026-05-20,Meat,25,14,114.84,80.39,30,1.2867,0.414,0,22,25
2026-05-21,Produce,22,27,304.29,243.43,20,2.2524,2.9776,1,15,22
2026-05-22,Meat,62,17,362.3,217.38,40,0.3328,0.8558,2,27,14.92
2026-05-23,Grocery,41,1,82.67,62.0,25,0.8906,0.985,3,22,2.55
2026-05-24,Seafood,15,8,180.5,144.4,20,0.7149,1.2611,4,7,11.59
2026-05-25,Dairy,4,13,38.93,35.04,10,1.4587,1.6392,5,15,4
2026-05-26,Dairy,11,27,479.38,359.53,25,1.3925,1.4634,6,30,11
2026-05-27,Bakery,39,28,372.27,335.04,10,1.8636,2.0653,0,18,39
2026-05-28,Deli,72,5,248.29,248.29,0,1.9356,0.8233,1,23,7.06
2026-05-29,Deli,52,27,166.13,141.21,15,1.1816,1.2521,2,7,41.34
2026-05-30,Bakery,26,17,135.93,108.74,20,1.1171,3.0301,3,16,26
2026-05-31,Grocery,16,20,320.63,240.47,25,0.5456,0.8495,4,29,16
2026-06-01,Seafood,7,18,333.29,233.3,30,1.4251,0.7827,5,3,7
2026-06-02,Bakery,49,16,141.85,141.85,0,1.1878,1.9757,6,21,25.11
2026-06-03,Deli,22,16,384.91,288.68,25,1.5031,1.2245,0,10,22
2026-06-04,Seafood,65,10,147.37,125.26,15,0.563,1.5346,1,22,10.3
2026-06-05,Deli,54,28,71.04,71.04,0,0.7987,0.7788,2,23,22.28
2026-06-06,Dairy,66,3,495.53,346.87,30,2.006,1.6784,3,8,11.06
2026-06-07,Bakery,45,5,420.83,378.75,10,0.7341,1.2527,4,9,5.84
2026-06-08,Dairy,8,15,115.19,97.91,15,1.8798,0.6832,5,12,8
2026-06-09,Meat,3,20,395.37,237.22,40,1.7923,0.7753,6,20,3
2026-06-10,Grocery,19,28,392.87,275.01,30,1.7897,0.9422,0,18,19
2026-06-11,Grocery,12,11,394.26,354.83,10,0.6445,1.096,1,25,7.92
2026-06-12,Meat,48,28,67.67,54.14,20,1.3254,1.0517,2,11,48
2026-06-13,Deli,27,13,486.51,486.51,0,1.1078,1.089,3,28,13.83
2026-06-14,Deli,3,17,188.55,169.7,10,1.0993,0.5519,4,11,3
2026-06-15,Deli,53,23,342.81,274.25,20,1.9196,1.0563,5,15,53
2026-06-16,Bakery,65,21,415.1,415.1,0,1.8903,1.8254,6,3,39.48
2026-06-17,Produce,43,10,449.07,404.16,10,3.3149,0.3184,0,27,29.02
2026-06-18,Dairy,72,20,96.07,86.46,10,1.5388,1.4063,1,27,39.9
2026-06-19,Dairy,8,25,138.31,96.82,30,1.9986,1.986,2,15,8
2026-06-20,Produce,5,9,338.53,338.53,0,2.3576,2.4307,3,15,5
2026-06-21,Deli,58,23,361.91,289.53,20,0.9604,1.5864,4,13,41.82
2026-06-22,Produce,19,14,120.04,96.03,20,1.3779,1.5869,5,19,19
2026-06-23,Bakery,58,25,256.51,153.91,40,1.9283,1.9591,6,8,58
2026-06-24,Bakery,18,22,309.76,278.78,10,0.8238,1.5804,0,12,18
2026-06-25,Seafood,13,8,68.64,58.34,15,0.2859,0.9981,1,6,4.19
2026-06-26,Deli,38,18,287.93,287.93,0,0.7845,1.7392,2,6,19.13
2026-06-27,Meat,54,21,40.37,24.22,40,1.6632,1.2485,3,8,54
2026-06-28,Dairy,43,1,132.3,79.38,40,1.2395,1.0397,4,11,3.86
2026-06-29,Deli,10,16,435.18,369.9,15,1.0814,1.8669,5,5,10
2026-06-30,Grocery,11,25,162.41,146.17,10,1.2016,0.6493,6,16,11
2026-07-01,Seafood,52,16,498.96,424.12,15,0.4906,1.0185,0,13,12.03
2026-07-02,Produce,76,25,203.57,203.57,0,0.7495,3.2423,1,26,38.3
2026-07-03,Meat,5,10,86.63,51.98,40,1.3889,1.3773,2,3,5
2026-07-04,Dairy,52,30,270.54,270.54,0,1.0337,2.22,3,15,40.17
2026-07-05,Dairy,4,14,201.21,171.03,15,1.595,1.3877,4,5,4
2026-07-06,Produce,57,21,151.34,151.34,0,1.3363,1.4393,5,4,35.17
2026-07-07,Meat,24,4,52.88,42.3,20,1.1185,0.9823,6,7,5.89
2026-07-08,Bakery,36,20,186.01,148.81,20,1.8763,1.204,0,22,36
2026-07-09,Deli,17,8,297.88,253.2,15,1.5416,1.3031,1,22,16.45
2026-07-10,Produce,58,18,45.42,27.25,40,1.2522,2.8961,2,13,58
2026-07-11,Deli,37,26,491.2,417.52,15,1.2155,1.4843,3,20,37
2026-07-12,Meat,39,10,464.72,371.78,20,0.9023,1.0853,4,25,19.3
2026-07-13,Meat,52,20,190.23,133.16,30,1.1505,0.8352,5,29,42.21
2026-07-14,Seafood,45,10,214.12,139.18,35,1.0054,1.0365,6,6,19.65
2026-07-15,Grocery,66,20,49.86,32.41,35,0.6759,0.8401,0,28,24.85
2026-07-16,Grocery,56,4,424.17,318.13,25,0.9159,0.9806,1,23,7.23
2026-07-17,Dairy,56,25,453.35,294.68,35,1.5377,1.7964,2,28,56
2026-07-18,Bakery,67,12,198.45,178.6,10,1.5042,2.0553,3,24,29.73
2026-07-19,Produce,14,21,226.0,203.4,10,2.0207,1.9194,4,19,14
2026-07-20,Grocery,10,19,202.37,172.01,15,0.9951,1.1184,5,17,10
2026-07-21,Meat,10,9,362.09,271.57,25,1.4421,1.0643,6,6,10
2026-07-22,Produce,43,26,354.84,212.9,40,1.4687,1.7363,0,26,43
2026-07-23,Bakery,70,25,327.68,212.99,35,2.0031,0.983,1,12,70
2026-07-24,Seafood,54,23,300.85,195.55,35,0.5839,1.3921,2,13,32.92
2026-07-25,Produce,66,20,150.33,90.2,40,1.8474,0.8143,3,14,66
2026-07-26,Produce,9,15,391.7,313.36,20,3.0765,1.9642,4,5,9
2026-07-27,Meat,34,9,431.38,388.24,10,0.5339,0.9181,5,22,7.93
2026-07-28,Deli,65,14,139.9,111.92,20,1.3379,1.038,6,9,25.84
2026-07-29,Seafood,20,22,124.91,81.19,35,0.4303,0.8813,0,30,20
2026-07-30,Meat,20,30,178.03,151.33,15,1.4597,0.3933,1,22,20
2026-07-31,Seafood,26,19,147.69,88.61,40,0.687,0.7043,2,25,26
2026-08-01,Dairy,71,8,437.05,371.49,15,1.8708,1.5961,3,11,22.16
2026-08-02,Produce,11,1,226.06,180.85,20,2.8345,2.1483,4,19,7.53
2026-08-03,Deli,20,10,125.9,94.43,25,1.0394,1.2046,5,22,19.71
2026-08-04,Bakery,64,26,182.41,127.69,30,1.6061,2.1117,6,11,64
2026-08-05,Produce,19,11,450.93,450.93,0,2.651,1.6692,0,22,19
2026-08-06,Bakery,73,7,480.71,432.64,10,2.1749,2.6429,1,15,22.38
2026-08-07,Seafood,34,10,126.39,107.43,15,1.113,1.3168,2,7,19.63
2026-08-08,Dairy,60,16,247.03,197.62,20,1.4624,1.5511,3,26,39.36
2026-08-09,Meat,7,23,478.6,311.09,35,1.6614,0.8683,4,3,7
2026-08-10,Dairy,49,18,49.87,32.42,35,1.6672,1.6197,5,13,49
2026-08-11,Dairy,67,20,403.17,342.69,15,1.3489,1.3617,6,28,41.43
2026-08-12,Produce,9,10,87.83,52.7,40,1.1055,1.8858,0,30,9
2026-08-13,Grocery,49,16,265.51,172.58,35,0.8176,1.0471,1,16,24.8
2026-08-14,Seafood,4,6,425.32,340.26,20,0.8908,0.8527,2,19,4
2026-08-15,Produce,54,12,444.44,333.33,25,3.0662,1.6766,3,13,54
2026-08-16,Meat,78,16,124.21,99.37,20,1.5107,1.6077,4,21,41.78
2026-08-17,Produce,76,16,423.36,317.52,25,2.517,1.3218,5,25,76
2026-08-18,Meat,7,14,304.91,213.44,30,1.3431,1.1218,6,12,7
2026-08-19,Meat,29,23,92.89,60.38,35,1.1647,0.7509,0,10,29
2026-08-20,Meat,51,9,73.18,65.86,10,1.3002,1.3295,1,25,16.94
2026-08-21,Meat,12,26,338.75,304.88,10,0.9478,1.3389,2,3,12
2026-08-22,Bakery,12,23,111.66,67.0,40,1.6142,1.028,3,8,12
2026-08-23,Dairy,27,30,412.89,309.67,25,1.9114,1.3579,4,8,27
2026-08-24,Deli,62,13,379.6,227.76,40,0.3437,1.5974,5,19,22.81
2026-08-25,Meat,19,5,122.39,73.43,40,1.6267,1.2716,6,15,17.03
2026-08-26,Meat,52,2,356.33,285.06,20,1.0453,1.0185,0,23,2.19
2026-08-27,Deli,42,13,247.08,185.31,25,0.6548,1.5796,1,17,18.73
2026-08-28,Meat,75,9,393.15,255.55,35,1.4633,1.2748,2,10,27.59
2026-01-01,Bakery,59,28,98.23,63.85,35,1.8676,1.6357,3,7,59
2026-01-02,Grocery,52,3,215.37,215.37,0,0.878,1.2152,4,13,3.87
2026-01-03,Produce,67,15,218.02,163.52,25,1.4978,2.7767,5,13,57.32
2026-01-04,Seafood,48,25,447.02,312.91,30,0.8548,1.4685,6,11,48
2026-01-05,Grocery,38,14,27.72,27.72,0,0.7123,1.2136,0,28,7.69
2026-01-06,Meat,19,28,163.31,163.31,0,1.0077,0.8866,1,14,19
2026-01-07,Deli,16,11,98.11,73.58,25,1.4102,0.9865,2,18,16
2026-01-08,Deli,21,1,405.8,324.64,20,0.6445,1.3101,3,20,1.89
2026-01-09,Grocery,68,1,393.38,275.37,30,1.3018,0.4554,4,10,1.93
2026-01-10,Grocery,8,7,443.9,332.92,25,0.6187,1.087,5,9,8
2026-01-11,Meat,55,21,53.86,53.86,0,1.2015,0.8162,6,20,26.42
2026-01-12,Dairy,80,1,394.01,295.51,25,1.7166,1.4936,0,24,2.04
2026-01-13,Meat,77,1,390.83,351.75,10,1.2953,0.7645,1,29,0.17
2026-01-14,Meat,65,29,89.09,66.82,25,1.1709,1.0016,2,11,54.92
2026-01-15,Bakery,49,7,209.89,157.42,25,1.2766,1.7242,3,14,20.4
2026-01-16,Seafood,51,25,382.1,229.26,40,0.7197,0.8021,4,3,46.8
2026-01-17,Meat,66,11,329.1,263.28,20,0.5812,0.8803,5,23,14.59
2026-01-18,Seafood,8,18,91.67,59.59,35,0.6304,1.3291,6,11,8
2026-01-19,Deli,8,5,405.68,365.11,10,0.8866,1.5518,0,19,7.01
2026-01-20,Deli,5,20,247.61,185.71,25,1.1639,1.3473,1,21,5
2026-01-21,Produce,61,15,248.8,161.72,35,1.0696,2.2033,2,12,49.54
2026-01-22,Bakery,57,17,375.46,319.14,15,1.7149,1.9911,3,27,50.2
2026-01-23,Produce,80,5,177.0,115.05,35,1.5806,0.9746,4,8,18.11
2026-01-24,Dairy,31,21,104.95,68.22,35,2.1732,2.1334,5,26,31
2026-01-25,Meat,38,13,103.73,67.42,35,1.2693,0.867,6,17,26.87
2026-01-26,Dairy,3,23,207.38,176.27,15,1.4755,1.6728,0,23,3
2026-01-27,Produce,50,3,68.83,61.95,10,1.1909,2.138,1,15,5.77
2026-01-28,Seafood,46,12,292.49,190.12,35,1.0704,0.6403,2,3,18.99
2026-01-29,Grocery,22,30,136.89,82.13,40,0.9613,0.7911,3,19,22
2026-01-30,Meat,22,1,444.85,355.88,20,1.1691,0.4912,4,4,1.93
2026-01-31,Bakery,57,23,175.27,131.45,25,2.496,1.1876,5,24,57
2026-02-01,Meat,62,9,492.6,344.82,30,0.7982,1.0635,6,28,13.0
2026-02-02,Grocery,66,14,174.13,139.3,20,0.883,0.9334,0,20,18.51
2026-02-03,Meat,8,22,425.42,340.34,20,0.4,0.9811,1,21,8
2026-02-04,Bakery,66,11,311.2,233.4,25,0.526,2.9688,2,8,24.91
2026-02-05,Grocery,73,27,124.8,93.6,25,0.5098,0.6915,3,9,22.56
2026-02-06,Meat,22,1,480.76,288.46,40,0.923,1.2123,4,8,1.26
2026-02-07,Bakery,80,30,38.23,26.76,30,1.2711,1.7498,5,28,80
2026-02-08,Meat,22,4,465.99,302.89,35,1.4871,0.6269,6,29,11.69
2026-02-09,Seafood,65,1,28.35,18.43,35,1.2114,0.552,0,22,2.57
2026-02-10,Bakery,18,28,47.36,40.26,15,2.009,2.7215,1,20,18
2026-02-11,Meat,32,29,131.35,85.38,35,0.9856,0.8614,2,17,32
2026-02-12,Bakery,43,8,46.01,27.61,40,1.4457,2.3701,3,26,28.95
2026-02-13,Seafood,27,8,185.7,111.42,40,1.0964,1.2108,4,10,21.0
2026-02-14,Produce,24,4,423.94,339.15,20,2.5058,2.3156,5,27,17.14
2026-02-15,Deli,7,15,194.8,175.32,10,0.7312,0.7067,6,24,7
2026-02-16,Produce,69,8,155.08,116.31,25,1.9491,2.5162,0,6,33.57
2026-02-17,Bakery,11,10,171.57,102.94,40,1.711,2.5471,1,25,11
2026-02-18,Bakery,22,25,469.7,328.79,30,2.0481,1.5105,2,13,22
2026-02-19,Produce,53,25,414.09,372.68,10,1.8311,1.9684,3,17,53
2026-02-20,Seafood,60,15,280.42,238.36,15,0.9952,1.6231,4,14,29.14
2026-02-21,Grocery,40,17,150.12,90.07,40,0.5364,0.7769,5,27,21.22
2026-02-22,Dairy,57,27,369.67,240.29,35,2.4232,1.2635,6,7,57
2026-02-23,Meat,64,11,128.85,77.31,40,1.2094,0.8746,0,6,22.51
2026-02-24,Deli,66,19,198.87,169.04,15,0.6738,0.8661,1,6,20.99
2026-02-25,Meat,74,13,392.66,314.13,20,1.4308,1.0562,2,29,24.39
2026-02-26,Bakery,74,11,199.94,149.95,25,0.4934,0.4015,3,5,9.67
2026-02-27,Grocery,50,28,57.76,40.43,30,1.2148,0.8394,4,10,50
2026-02-28,Meat,52,14,36.38,21.83,40,1.3749,0.9513,5,25,42.33
2026-03-01,Deli,25,13,370.4,259.28,30,0.4187,1.1794,6,20,12.1
2026-03-02,Deli,13,21,462.75,277.65,40,1.0917,2.0293,0,5,13
2026-03-03,Grocery,46,1,31.24,26.55,15,0.9255,1.096,1,24,1.14
2026-03-04,Bakery,75,13,287.11,215.33,25,2.0229,1.6444,2,11,46.84
2026-03-05,Produce,52,16,357.05,357.05,0,1.4255,1.8722,3,20,22.79
2026-03-06,Dairy,65,23,410.16,307.62,25,3.2306,1.7429,4,7,65
2026-03-07,Meat,39,13,340.61,272.49,20,0.7665,1.657,5,3,21.97
2026-03-08,Seafood,57,5,481.83,337.28,30,1.4141,0.8138,6,15,8.57
2026-03-09,Produce,26,27,80.37,64.3,20,1.5414,1.4319,0,6,26
2026-03-10,Meat,51,24,495.23,321.9,35,0.9574,1.1524,1,15,47.6
2026-03-11,Dairy,25,9,410.37,410.37,0,1.85,2.081,2,7,20.55
2026-03-12,Dairy,31,22,152.62,152.62,0,2.9104,2.091,3,20,31
2026-03-13,Dairy,56,29,256.91,256.91,0,0.1134,2.2476,4,22,26.69
2026-03-14,Bakery,22,11,326.94,245.2,25,1.9253,1.5486,5,9,22
2026-03-15,Dairy,47,25,54.77,41.08,25,2.1998,2.0851,6,16,47
2026-03-16,Deli,51,5,411.44,370.3,10,0.8993,1.117,0,5,5.62
2026-03-17,Meat,48,19,374.16,243.2,35,0.7238,1.4671,1,14,30.42
2026-03-18,Meat,23,25,328.7,197.22,40,0.9523,0.8058,2,12,23
2026-03-19,Meat,6,2,127.76,89.43,30,0.6208,1.3072,3,28,2.85
2026-03-20,Deli,11,11,371.09,296.87,20,1.5601,0.6529,4,24,11
2026-03-21,Deli,73,29,214.68,182.48,15,1.5435,1.5343,5,10,73
2026-03-22,Meat,41,1,247.69,198.15,20,1.2372,1.0672,6,26,2.31
2026-03-23,Produce,13,23,202.55,121.53,40,1.7451,1.7028,0,7,13
2026-03-24,Deli,17,3,148.84,89.3,40,0.7354,1.1344,1,7,5.68
2026-03-25,Seafood,4,23,162.52,113.76,30,0.7047,0.8358,2,23,4
2026-03-26,Grocery,15,14,269.07,269.07,0,0.7985,0.4863,3,26,9.35
2026-03-27,Produce,64,18,483.39,435.05,10,1.9968,1.6988,4,13,59.21
2026-03-28,Bakery,35,3,133.7,80.22,40,1.4236,1.7282,5,18,15.03
2026-03-29,Seafood,12,18,285.68,257.11,10,1.2433,1.2866,6,23,12
2026-03-30,Meat,57,11,168.07,117.65,30,1.1507,0.4709,0,29,14.63
2026-03-31,Bakery,57,5,415.43,332.34,20,2.2398,1.8346,1,5,22.09
2026-04-01,Deli,25,9,360.7,288.56,20,1.3089,1.2072,2,19,18.06
2026-04-02,Grocery,45,28,488.98,342.29,30,1.1072,1.0494,3,13,45
2026-04-03,Seafood,24,5,161.95,145.75,10,1.3574,1.1695,4,4,11.08
2026-04-04,Bakery,12,11,146.64,124.64,15,1.9103,3.3316,5,15,12
2026-04-05,Grocery,34,29,122.76,104.35,15,1.4731,1.4249,6,13,34
2026-04-06,Dairy,78,28,86.98,73.93,15,1.6308,1.9192,0,23,65.18
2026-04-07,Bakery,8,4,428.91,386.02,10,1.8248,1.3852,1,6,8
2026-04-08,Dairy,25,8,197.72,128.52,35,1.85,1.7155,2,9,25
2026-04-09,Dairy,79,8,145.73,94.72,35,1.2968,1.1342,3,15,20.85
2026-04-10,Deli,41,25,314.47,204.41,35,1.4633,1.2593,4,21,41
2026-04-11,Meat,57,14,116.83,99.31,15,1.0821,0.5664,5,16,18.72
2026-04-12,Seafood,63,15,321.92,257.54,20,0.7521,0.8411,6,23,20.44
2026-04-13,Produce,25,12,320.37,256.3,20,1.1778,2.8944,0,15,25
2026-04-14,Grocery,45,12,292.29,263.06,10,1.2923,0.944,1,15,21.38
2026-04-15,Dairy,34,12,439.36,439.36,0,1.1018,1.1811,2,28,12.99
2026-04-16,Deli,34,8,217.05,151.94,30,1.5145,1.5987,3,27,26.75
2026-04-17,Deli,53,30,231.29,161.9,30,1.0098,0.9165,4,25,53
2026-04-18,Grocery,76,5,286.94,200.86,30,0.7966,0.9978,5,9,7.23
2026-04-19,Produce,52,25,259.58,220.64,15,1.8116,2.5213,6,30,52
2026-04-20,Produce,56,23,476.68,381.34,20,2.4926,1.8141,0,24,56
2026-04-21,Deli,73,14,181.05,117.68,35,1.2126,1.6726,1,26,35.22
2026-04-22,Meat,40,5,293.62,234.9,20,1.1925,0.6887,2,27,6.17
2026-04-23,Meat,12,26,222.26,155.58,30,1.4686,0.7203,3,28,12
2026-04-24,Meat,28,21,354.95,319.45,10,1.0999,1.1702,4,28,28
2026-04-25,Dairy,19,16,205.28,123.17,40,1.1722,0.7753,5,11,19
2026-04-26,Meat,57,20,411.9,411.9,0,0.1883,0.9299,6,26,7.63
2026-04-27,Deli,29,19,80.97,72.87,10,1.6196,1.1524,0,28,29
2026-04-28,Seafood,53,15,112.37,84.28,25,1.4084,1.1364,1,29,28.05
2026-04-29,Produce,52,6,425.16,318.87,25,1.6007,2.5072,2,6,22.86
2026-04-30,Grocery,77,5,433.77,325.33,25,0.8866,1.3002,3,21,7.88
2026-05-01,Deli,13,17,496.9,447.21,10,1.381,1.5381,4,21,13
2026-05-02,Grocery,55,3,239.46,239.46,0,0.7044,0.4653,5,10,3.1
2026-05-03,Dairy,31,11,310.04,310.04,0,1.9124,1.7738,6,21,22.72
2026-05-04,Bakery,54,4,393.63,314.9,20,2.7677,1.408,0,21,14.06
2026-05-05,Bakery,13,25,117.48,93.98,20,1.7303,2.226,1,29,13
2026-05-06,Grocery,29,22,479.57,359.68,25,1.0771,0.865,2,4,29
2026-05-07,Seafood,72,19,403.64,302.73,25,0.9957,0.9511,3,22,33.27
2026-05-08,Dairy,12,2,497.14,447.43,10,1.7422,1.5518,4,12,5.16
2026-05-09,Meat,78,21,339.89,305.9,10,1.1163,0.9979,5,8,30.16
2026-05-10,Bakery,70,5,291.87,189.72,35,3.0493,2.544,6,15,26.2
2026-05-11,Meat,12,2,441.18,441.18,0,1.1048,1.2842,0,11,3.44
2026-05-12,Meat,45,29,168.62,126.47,25,0.915,1.945,1,9,45
2026-05-13,Deli,12,7,227.1,136.26,40,0.6258,0.9853,2,21,6.36
2026-05-14,Bakery,72,7,206.52,185.87,10,1.9341,1.5231,3,30,19.39
2026-05-15,Produce,14,29,400.59,360.53,10,2.1092,2.3096,4,12,14
2026-05-16,Seafood,5,27,498.27,373.7,25,0.4996,1.2338,5,3,5
2026-05-17,Dairy,69,30,288.93,260.04,10,1.4353,1.7199,6,23,61.61
2026-05-18,Deli,20,11,456.6,410.94,10,0.8073,1.2697,0,16,9.46
2026-05-19,Grocery,68,28,200.04,130.03,35,0.8976,1.3051,1,28,47.87
2026-05-20,Bakery,66,2,168.29,151.46,10,1.5143,1.511,2,28,3.15
2026-05-21,Meat,24,10,143.51,121.98,15,1.3308,1.2834,3,5,21.63
2026-05-22,Deli,45,7,49.41,32.12,35,1.3958,1.4253,4,5,21.63
2026-05-23,Grocery,35,18,411.72,288.2,30,1.1537,1.23,5,12,35
2026-05-24,Bakery,20,1,325.67,244.25,25,1.0625,0.8213,6,25,1.96
2026-05-25,Grocery,72,19,308.68,231.51,25,0.2295,0.9141,0,12,10.24
2026-05-26,Meat,79,19,129.93,129.93,0,1.3969,1.2533,1,23,26.03
2026-05-27,Produce,46,24,230.53,161.37,30,3.4488,1.5,2,19,46
2026-05-28,Deli,21,29,429.58,365.14,15,1.5859,0.6523,3,17,21
2026-05-29,Dairy,54,13,88.3,61.81,30,1.4005,1.5579,4,3,40.7
2026-05-30,Produce,13,2,164.68,123.51,25,2.0596,2.3259,5,29,10.22
2026-05-31,Grocery,56,17,434.04,325.53,25,1.5259,1.1173,6,3,31.46
2026-06-01,Bakery,55,21,219.36,219.36,0,2.1872,1.0449,0,28,27.38
2026-06-02,Seafood,65,4,89.4,75.99,15,1.222,0.9134,1,6,7.03
2026-06-03,Deli,23,28,91.5,77.77,15,1.8265,0.9846,2,20,23
2026-06-04,Dairy,4,10,279.62,167.77,40,1.3584,1.7318,3,21,4
2026-06-05,Meat,7,10,25.61,23.05,10,2.6687,1.6341,4,11,7
2026-06-06,Grocery,17,20,133.38,120.04,10,0.7687,0.3251,5,30,17
2026-06-07,Seafood,27,11,176.38,105.83,40,0.9634,1.0455,6,23,21.03
2026-06-08,Meat,19,19,463.68,463.68,0,1.2065,0.7584,0,24,19
2026-06-09,Deli,74,16,490.76,294.46,40,1.6392,1.1134,1,20,49.51
2026-06-10,Bakery,12,28,36.27,27.2,25,2.2153,2.0667,2,10,12
2026-06-11,Deli,45,3,439.0,373.15,15,0.4526,1.2982,3,6,1.81
2026-06-12,Produce,39,9,248.03,161.22,35,2.1778,1.5297,4,4,39
2026-06-13,Dairy,68,3,345.21,276.17,20,1.316,1.8157,5,14,8.19
2026-06-14,Grocery,74,30,330.18,330.18,0,0.884,0.8088,6,24,21.39
2026-06-15,Dairy,31,4,416.36,249.82,40,1.1761,1.4963,0,10,14.18
2026-06-16,Seafood,54,24,308.22,308.22,0,0.7812,1.1201,1,18,20.0
2026-06-17,Seafood,78,12,296.78,296.78,0,1.1594,0.6905,2,21,11.91
2026-06-18,Produce,56,1,311.3,202.35,35,1.7975,1.923,3,19,3.5
2026-06-19,Meat,72,26,228.85,148.75,35,1.8786,1.195,4,13,72
2026-06-20,Grocery,33,15,135.93,101.95,25,0.4885,1.4596,5,17,22.21
2026-06-21,Grocery,31,3,223.67,201.3,10,1.1526,0.806,6,4,6.07
2026-06-22,Dairy,31,12,326.63,244.97,25,1.7876,2.1775,0,22,31
2026-06-23,Seafood,40,13,152.94,91.76,40,0.7758,0.9474,1,8,18.46
2026-06-24,Deli,4,26,277.46,235.84,15,1.214,1.398,2,19,4
2026-06-25,Bakery,7,25,155.11,93.07,40,2.2356,1.6832,3,26,7
2026-06-26,Deli,34,11,472.59,307.18,35,0.8977,1.0109,4,30,21.34
2026-06-27,Meat,6,30,207.48,124.49,40,1.4629,0.8029,5,8,6
2026-06-28,Deli,50,6,239.78,191.82,20,1.4906,1.1949,6,13,11.49
2026-06-29,Produce,40,20,195.45,156.36,20,1.1866,2.3065,0,20,40
2026-06-30,Seafood,70,5,208.77,208.77,0,0.772,1.4846,1,8,5.68
2026-07-01,Produce,79,20,68.06,57.85,15,2.5759,2.4077,2,8,79
2026-07-02,Meat,19,5,37.56,33.8,10,0.6985,1.3268,3,14,5.8
2026-07-03,Produce,78,8,108.64,70.62,35,0.4915,1.6954,4,30,18.56
2026-07-04,Seafood,53,1,130.11,110.59,15,1.122,0.4916,5,10,1.83
2026-07-05,Meat,67,6,46.45,32.52,30,1.0648,1.2888,6,16,11.89
2026-07-06,Bakery,77,22,48.16,38.53,20,1.5294,1.5086,0,18,48.44
2026-07-07,Bakery,10,20,25.98,25.98,0,1.3033,2.0881,1,13,10
2026-07-08,Grocery,51,4,94.46,66.12,30,0.6024,1.3342,2,19,5.08
2026-07-09,Produce,48,12,485.67,364.25,25,2.7998,2.6555,3,22,48
2026-07-10,Seafood,21,29,132.78,99.59,25,0.9788,0.6614,4,26,21
2026-07-11,Dairy,52,3,334.17,200.5,40,1.1534,0.7332,5,27,8.44
2026-07-12,Bakery,45,10,204.0,122.4,40,1.6788,0.7752,6,6,28.42
2026-07-13,Meat,48,10,118.01,106.21,10,1.332,1.5307,0,18,14.38
2026-07-14,Grocery,57,14,186.49,130.54,30,1.1753,1.3033,1,7,30.56
2026-07-15,Bakery,76,26,101.06,90.95,10,1.4025,2.1383,2,18,50.68
2026-07-16,Meat,55,2,339.54,339.54,0,1.2613,1.3058,3,23,2.15
2026-07-17,Meat,59,22,36.42,21.85,40,0.7583,0.9499,4,10,39.32
2026-07-18,Dairy,28,5,349.88,314.89,10,0.824,1.3545,5,29,8.0
2026-07-19,Produce,39,17,332.38,232.67,30,2.166,0.8663,6,5,39
2026-07-20,Bakery,22,10,312.98,250.38,20,1.9512,1.8177,0,13,22
2026-07-21,Seafood,34,30,295.65,251.3,15,0.5538,1.1951,1,5,26.89
2026-07-22,Dairy,36,5,232.74,151.28,35,1.2382,1.7108,2,20,17.45
2026-07-23,Produce,16,9,258.17,206.54,20,1.7865,2.2234,3,13,16
2026-07-24,Meat,46,3,450.37,382.81,15,1.2693,1.1385,4,29,5.43
2026-07-25,Grocery,48,26,102.74,66.78,35,1.6995,0.8504,5,17,48
2026-07-26,Seafood,31,26,438.96,307.27,30,1.0621,0.9587,6,14,31
2026-07-27,Dairy,34,26,257.28,180.1,30,1.8882,1.3175,0,27,34
2026-07-28,Grocery,63,20,489.28,366.96,25,0.5881,0.9351,1,11,19.97
2026-07-29,Seafood,76,26,161.79,113.25,30,0.8017,0.9274,2,16,37.46
2026-07-30,Produce,43,5,27.76,18.04,35,0.3623,1.2443,3,13,5.74
2026-07-31,Seafood,21,4,413.75,413.75,0,1.0512,1.2072,4,27,3.47
2026-08-01,Grocery,56,29,362.71,308.3,15,0.792,0.8751,5,17,35.87
2026-08-02,Meat,30,25,147.27,110.45,25,1.1732,1.1858,6,21,30
2026-08-03,Bakery,58,10,437.62,306.33,30,2.1286,1.5982,0,18,37.44
2026-08-04,Grocery,3,18,161.27,112.89,30,0.7167,1.4736,1,17,3
2026-08-05,Seafood,20,29,202.45,151.84,25,0.8671,0.8165,2,22,20
2026-08-06,Meat,14,5,163.99,139.39,15,1.1422,1.1327,3,23,6.84
2026-08-07,Produce,22,29,354.37,265.78,25,1.5472,2.8719,4,26,22
2026-08-08,Grocery,53,1,118.64,94.91,20,1.2174,0.722,5,28,0.53
2026-08-09,Seafood,57,17,120.22,108.2,10,1.0567,0.9605,6,29,22.28
2026-08-10,Seafood,69,2,163.78,122.84,25,0.7262,1.2486,0,27,3.78
2026-08-11,Seafood,29,18,122.18,97.74,20,0.5946,1.0378,1,28,18.94
2026-08-12,Meat,72,6,312.49,187.49,40,1.0618,1.0228,2,25,9.86
2026-08-13,Dairy,4,13,429.62,322.22,25,1.1621,1.2707,3,7,4
2026-08-14,Bakery,50,18,460.68,345.51,25,2.3579,0.8694,4,6,50
2026-08-15,Seafood,21,7,149.24,104.47,30,0.9119,0.7807,5,4,11.09
2026-08-16,Seafood,3,21,61.79,43.25,30,0.8143,0.8662,6,14,3
2026-08-17,Seafood,70,29,364.81,364.81,0,0.8036,0.8783,0,21,26.0
2026-08-18,Produce,7,25,160.77,144.69,10,1.6594,2.198,1,10,7
2026-08-19,Bakery,54,12,207.86,145.5,30,2.1881,1.9717,2,23,49.25
2026-08-20,Bakery,68,9,331.72,199.03,40,2.4708,1.6247,3,19,50.54
2026-08-21,Bakery,8,7,321.62,321.62,0,2.3105,2.1312,4,17,8
2026-08-22,Bakery,60,16,285.73,285.73,0,1.542,2.8385,5,4,39.09
2026-08-23,Dairy,62,29,400.4,360.36,10,0.9076,1.846,6,9,42.31
2026-08-24,Grocery,16,23,232.07,208.86,10,0.5267,0.5425,0,16,16
2026-08-25,Seafood,57,17,78.59,47.15,40,1.0439,0.6639,1,19,28.74
2026-08-26,Dairy,28,22,100.92,90.83,10,2.1727,1.3701,2,13,28
2026-08-27,Seafood,45,1,485.58,388.46,20,0.7289,1.0468,3,14,1.09
2026-08-28,Grocery,59,11,360.15,252.1,30,0.8977,1.0143,4,10,25.52
2026-01-01,Meat,78,21,390.97,332.32,15,1.0231,1.4203,5,27,36.86
2026-01-02,Produce,45,16,290.79,261.71,10,1.7376,1.6875,6,11,33.96
2026-01-03,Grocery,73,14,255.32,204.26,20,1.7135,1.0165,0,19,28.65
2026-01-04,Deli,23,7,452.95,271.77,40,1.4302,1.4609,1,16,23
2026-01-05,Meat,31,18,146.15,131.53,10,0.6452,0.6408,2,7,14.18
2026-01-06,Seafood,50,17,473.11,307.52,35,0.717,1.0564,3,28,27.16
2026-01-07,Meat,27,15,472.15,472.15,0,0.6158,1.0068,4,29,8.52
2026-01-08,Bakery,61,21,388.62,310.9,20,2.0306,0.996,5,8,61
2026-01-09,Grocery,63,26,247.84,223.06,10,1.4288,1.3489,6,25,43.76
2026-01-10,Produce,67,16,462.73,370.18,20,2.5919,2.815,0,3,67
2026-01-11,Grocery,13,30,94.55,94.55,0,1.2593,0.5788,1,24,13
2026-01-12,Deli,30,16,447.01,447.01,0,1.471,0.893,2,30,23.95
2026-01-13,Seafood,60,23,493.09,443.78,10,0.9277,0.3887,3,6,23.51
2026-01-14,Produce,77,19,324.68,292.21,10,0.5207,1.3276,4,16,25.22
2026-01-15,Deli,54,25,216.25,129.75,40,1.0991,1.2574,5,19,54
2026-01-16,Seafood,27,8,161.6,121.2,25,0.5978,1.2711,6,14,10.47
2026-01-17,Dairy,39,6,473.86,308.01,35,1.2933,1.1098,0,25,14.6
2026-01-18,Dairy,14,5,300.24,225.18,25,0.7788,1.5242,1,3,10.9
2026-01-19,Grocery,49,1,354.31,212.59,40,0.8272,0.7234,2,28,1.55
2026-01-20,Produce,17,19,64.24,44.97,30,1.3701,2.9085,3,4,17
2026-01-21,Bakery,22,13,224.05,224.05,0,1.4614,1.7929,4,9,21.23
2026-01-22,Produce,62,9,457.12,274.27,40,2.7421,2.8791,5,9,62
2026-01-23,Dairy,39,11,266.11,212.89,20,0.8003,2.2423,6,21,20.21
2026-01-24,Grocery,75,16,68.36,51.27,25,0.9016,0.4052,0,25,21.44
2026-01-25,Meat,55,30,492.85,320.35,35,1.45,0.7034,1,9,55
2026-01-26,Bakery,20,16,413.21,268.59,35,2.1659,1.5309,2,19,20
2026-01-27,Dairy,53,10,280.89,210.67,25,1.9425,1.0315,3,24,31.92
2026-01-28,Dairy,3,10,43.71,43.71,0,2.2255,1.2268,4,24,3
2026-01-29,Dairy,72,1,210.78,210.78,0,2.1663,1.8444,5,5,2.27
2026-01-30,Meat,74,1,388.7,291.52,25,1.1505,1.1473,6,6,2.27
2026-01-31,Grocery,28,21,371.58,297.26,20,1.3067,0.9807,0,9,28
2026-02-01,Grocery,28,20,410.62,369.56,10,1.2439,1.0856,1,4,28
2026-02-02,Meat,70,2,414.86,331.89,20,1.4815,1.2439,2,12,4.32
2026-02-03,Seafood,71,27,484.41,411.75,15,0.9174,0.1433,3,10,24.68
2026-02-04,Deli,38,23,55.62,47.28,15,1.1043,1.118,4,11,38
2026-02-05,Produce,59,8,223.15,200.84,10,1.7777,2.0296,5,8,26.05
2026-02-06,Meat,6,30,268.13,241.32,10,1.2329,1.2383,6,14,6
2026-02-07,Seafood,76,28,168.97,101.38,40,0.6135,1.4997,0,27,38.0
2026-02-08,Grocery,3,28,439.11,351.29,20,1.5878,1.2514,1,14,3
2026-02-09,Produce,30,18,345.31,276.25,20,1.9974,2.8255,2,18,30
2026-02-10,Dairy,60,20,318.9,239.17,25,1.7321,1.4733,3,12,56.22
2026-02-11,Dairy,57,22,313.04,187.82,40,1.3627,2.2317,4,14,57
2026-02-12,Produce,16,1,217.63,130.58,40,1.0389,2.4059,5,15,5.11
2026-02-13,Seafood,19,29,337.65,270.12,20,1.1133,0.7332,6,20,19
2026-02-14,Meat,48,29,36.67,23.84,35,1.5875,0.7031,0,8,48
2026-02-15,Meat,26,6,226.93,147.5,35,1.8429,0.5162,1,19,18.01
2026-02-16,Bakery,27,19,237.58,154.43,35,2.3425,2.0775,2,20,27
2026-02-17,Produce,71,20,484.54,484.54,0,1.6113,1.2292,3,10,30.98
2026-02-18,Seafood,75,11,279.34,237.44,15,0.7042,1.2374,4,13,13.64
2026-02-19,Meat,66,27,205.59,205.59,0,1.1274,0.8971,5,20,32.38
2026-02-20,Deli,71,24,36.7,36.7,0,2.0359,0.8308,6,27,43.48
2026-02-21,Grocery,52,4,181.59,145.27,20,0.8952,0.3311,0,7,2.74
2026-02-22,Meat,48,28,437.02,305.91,30,1.2512,0.7131,1,29,48
2026-02-23,Deli,57,17,43.7,30.59,30,1.4185,1.205,2,22,41.48
2026-02-24,Dairy,37,9,307.32,261.22,15,0.9342,1.4299,3,23,15.22
2026-02-25,Grocery,32,2,330.22,280.69,15,0.6501,0.9516,4,6,2.16
2026-02-26,Produce,22,29,186.45,186.45,0,2.7667,2.2786,5,11,22
2026-02-27,Dairy,5,19,215.71,151.0,30,1.3777,1.6683,6,10,5
2026-02-28,Seafood,55,7,312.25,281.03,10,0.8627,0.8642,0,28,7.16
2026-03-01,Grocery,28,21,34.41,29.25,15,1.0891,1.2011,1,15,26.31
2026-03-02,Produce,57,23,90.97,54.58,40,1.4844,2.5111,2,3,57
2026-03-03,Produce,44,26,260.04,234.04,10,1.0415,2.3553,3,12,44
2026-03-04,Grocery,79,22,199.55,129.71,35,0.6668,0.4096,4,20,26.47
2026-03-05,Grocery,29,26,196.9,147.68,25,1.5584,0.9943,5,11,29
2026-03-06,Deli,11,24,158.33,102.91,35,2.1081,0.6065,6,30,11
2026-03-07,Meat,37,7,265.67,199.25,25,0.7578,0.4982,0,24,6.08
2026-03-08,Deli,73,21,473.73,402.67,15,1.685,0.6618,1,29,43.35
2026-03-09,Deli,43,17,139.16,139.16,0,2.3381,1.6213,2,18,31.69
2026-03-10,Deli,63,17,27.17,20.38,25,1.2286,1.8196,3,22,36.21
2026-03-11,Meat,35,7,167.86,109.11,35,0.5638,1.6053,4,30,12.85
2026-03-12,Meat,48,2,36.3,27.22,25,1.0432,1.2049,5,8,4.35
2026-03-13,Meat,54,9,245.15,245.15,0,1.0966,1.3075,6,8,10.77
2026-03-14,Seafood,28,20,294.39,176.63,40,0.2397,1.0964,0,21,16.37
2026-03-15,Deli,47,9,341.8,341.8,0,1.2146,1.2428,1,5,15.15
2026-03-16,Grocery,45,5,290.57,203.4,30,1.0755,1.0535,2,3,10.58
2026-03-17,Deli,5,11,337.52,303.77,10,1.6806,1.0753,3,5,5
2026-03-18,Dairy,62,30,308.4,246.72,20,1.8941,0.8304,4,13,62
2026-03-19,Dairy,15,3,78.05,62.44,20,0.8187,1.1742,5,11,3.72
2026-03-20,Seafood,54,6,195.04,117.02,40,0.9732,0.7601,6,8,8.46
2026-03-21,Seafood,47,22,77.73,77.73,0,1.0901,0.5874,0,19,18.8
2026-03-22,Dairy,47,18,190.57,133.4,30,1.8905,1.4017,1,28,47
2026-03-23,Meat,13,27,302.69,211.88,30,0.05,1.4122,2,12,13
2026-03-24,Deli,48,27,173.52,138.82,20,0.9554,0.6834,3,18,39.63
2026-03-25,Dairy,16,18,222.47,177.98,20,1.2484,1.5055,4,6,16
2026-03-26,Seafood,14,5,342.21,205.33,40,0.667,1.1008,5,8,8.48
2026-03-27,Seafood,35,14,444.41,377.75,15,0.2742,0.9013,6,11,8.27
2026-03-28,Meat,68,4,488.46,293.08,40,1.0494,1.1349,0,21,7.51
2026-03-29,Dairy,80,3,420.32,336.26,20,1.3732,2.3606,1,22,8.3
2026-03-30,Meat,12,11,232.02,139.21,40,1.4096,0.9969,2,22,12
2026-03-31,Seafood,72,19,92.85,78.92,15,0.9571,1.2617,3,16,24.94
2026-04-01,Grocery,15,8,475.13,380.1,20,0.9521,1.2125,4,19,14.3
2026-04-02,Bakery,67,10,188.47,169.62,10,0.4029,1.3706,5,4,8.24
2026-04-03,Dairy,80,12,412.56,268.16,35,1.4522,1.6322,6,28,35.15
2026-04-04,Produce,16,8,142.0,120.7,15,1.1974,0.9922,0,17,13.65
2026-04-05,Grocery,26,15,313.03,281.73,10,1.2417,1.1718,1,23,18.72
2026-04-06,Deli,13,7,272.64,218.11,20,0.8243,1.0357,2,22,8.5
2026-04-07,Deli,13,8,446.13,379.21,15,0.9148,0.7897,3,6,7.3
2026-04-08,Deli,55,1,94.86,85.37,10,1.2649,2.001,4,22,1.55
2026-04-09,Dairy,46,13,409.23,245.54,40,1.5706,1.7603,5,24,46
2026-04-10,Meat,9,3,372.3,223.38,40,1.3622,1.1615,6,8,9
2026-04-11,Bakery,73,19,141.94,127.75,10,1.9563,1.2317,0,18,39.45
2026-04-12,Bakery,6,25,195.52,117.31,40,1.1918,1.2185,1,12,6
2026-04-13,Deli,79,28,376.73,339.06,10,1.0058,1.3703,2,3,39.32
2026-04-14,Seafood,3,6,87.19,56.67,35,1.1754,0.8844,3,20,3
2026-04-15,Grocery,7,18,446.35,334.76,25,0.533,0.5286,4,15,7
2026-04-16,Grocery,53,25,47.43,47.43,0,1.2675,0.9432,5,26,38.15
2026-04-17,Seafood,37,7,218.84,131.3,40,0.7864,0.695,6,7,13.22
2026-04-18,Dairy,57,26,282.31,254.08,10,1.8466,2.406,0,29,57
2026-04-19,Meat,19,22,237.04,213.34,10,1.7119,1.2648,1,15,19
2026-04-20,Bakery,72,4,172.49,146.62,15,2.0776,2.1952,2,24,12.77
2026-04-21,Meat,49,6,403.14,342.67,15,1.5771,1.1821,3,27,13.11
2026-04-22,Produce,69,13,82.74,53.78,35,3.0723,2.1995,4,10,69
2026-04-23,Meat,14,19,333.04,199.82,40,1.7292,1.0673,5,19,14
2026-04-24,Meat,42,23,332.81,216.33,35,0.8461,0.9992,6,3,38.45
2026-04-25,Deli,13,5,147.07,132.36,10,1.4088,0.2789,0,16,7.69
2026-04-26,Dairy,74,9,198.46,198.46,0,1.1995,1.6851,1,29,9.29
2026-04-27,Meat,16,11,110.64,66.38,40,1.4706,1.1128,2,21,16
2026-04-28,Seafood,36,3,404.31,303.23,25,0.2514,0.4924,3,16,2.78
2026-04-29,Meat,21,16,318.0,222.6,30,0.7223,1.6215,4,18,21
2026-04-30,Bakery,59,8,236.92,213.23,10,1.3928,1.4927,5,19,14.32
2026-05-01,Grocery,21,25,427.07,341.66,20,0.6947,0.846,6,29,21
2026-05-02,Grocery,59,30,283.35,283.35,0,1.2653,0.7566,0,17,33.56
2026-05-03,Bakery,72,7,426.88,256.13,40,1.7811,0.7949,1,9,29.11
2026-05-04,Produce,39,21,341.93,307.74,10,2.3263,1.6616,2,15,39
2026-05-05,Dairy,57,16,122.28,97.82,20,2.7912,1.5059,3,16,57
2026-05-06,Seafood,41,4,107.7,96.93,10,1.2646,0.7406,4,10,7.26
2026-05-07,Bakery,53,20,495.42,322.02,35,2.179,2.9791,5,11,53
2026-05-08,Grocery,51,11,280.86,182.56,35,1.082,0.4606,6,3,14.92
2026-05-09,Dairy,73,13,290.4,232.32,20,1.9239,1.5068,0,23,35.5
2026-05-10,Dairy,32,13,352.8,317.52,10,2.2815,1.5574,1,8,30.88
2026-05-11,Produce,79,5,78.97,67.12,15,1.7602,2.0226,2,5,13.55
2026-05-12,Bakery,36,30,48.69,41.39,15,2.1925,1.6036,3,17,36
2026-05-13,Dairy,68,5,99.52,59.71,40,1.7442,1.7069,4,25,23.01
2026-05-14,Meat,54,25,334.7,200.82,40,1.1991,0.9175,5,22,54
2026-05-15,Produce,69,26,336.68,202.01,40,2.728,1.5121,6,13,69
2026-05-16,Dairy,20,30,75.57,68.01,10,1.7248,1.9351,0,16,20
2026-05-17,Seafood,56,11,194.07,174.66,10,0.5318,0.7911,1,3,11.33
2026-05-18,Grocery,66,3,125.35,87.74,30,1.4971,0.8137,2,16,7.08
2026-05-19,Dairy,15,27,104.88,62.93,40,1.9981,1.449,3,26,15
2026-05-20,Seafood,56,25,74.09,55.57,25,1.3652,0.7532,4,20,53.96
2026-05-21,Meat,14,3,297.63,238.1,20,0.5186,1.0193,5,21,2.28
2026-05-22,Bakery,70,13,489.56,416.13,15,1.355,1.7143,6,9,27.21
2026-05-23,Produce,4,27,262.31,170.5,35,2.6465,1.969,0,6,4
2026-05-24,Grocery,27,8,225.26,202.73,10,0.4819,1.0721,1,18,5.34
2026-05-25,Meat,70,28,181.48,181.48,0,1.1032,0.9994,2,10,27.94
2026-05-26,Grocery,23,22,310.65,232.99,25,0.3836,0.6408,3,19,18.25
2026-05-27,Dairy,56,11,454.31,363.45,20,1.0017,0.5912,4,7,13.76
2026-05-28,Grocery,38,28,499.62,399.7,20,0.8034,0.862,5,13,36.82
2026-05-29,Seafood,46,29,75.27,56.45,25,1.2862,1.0551,6,5,46
2026-05-30,Produce,35,24,420.23,273.15,35,1.3834,3.0427,0,6,35
2026-05-31,Seafood,26,23,360.67,234.44,35,0.9601,0.7726,1,22,26
2026-06-01,Deli,36,12,71.39,57.11,20,1.1202,1.1236,2,13,17.58
2026-06-02,Dairy,43,4,210.07,210.07,0,1.4447,1.4641,3,15,6.0
2026-06-03,Meat,46,22,393.21,393.21,0,0.67,0.8959,4,24,16.52
2026-06-04,Deli,77,12,280.73,238.62,15,0.5606,0.619,5,22,16.42
2026-06-05,Meat,25,28,358.74,215.24,40,1.3241,0.5319,6,9,25
2026-06-06,Deli,14,21,223.81,201.43,10,1.4608,1.2993,0,16,14
2026-06-07,Grocery,64,1,353.9,318.51,10,0.9091,0.787,1,12,1.12
2026-06-08,Bakery,26,23,170.17,144.64,15,1.1776,1.1001,2,22,26
2026-06-09,Meat,32,29,410.11,410.11,0,1.0421,0.4808,3,8,28.9
2026-06-10,Produce,58,8,173.52,173.52,0,2.7285,2.4195,4,11,22.92
2026-06-11,Dairy,73,10,439.49,329.62,25,1.1361,2.2325,5,3,36.17
2026-06-12,Dairy,38,23,141.21,98.85,30,2.2108,1.5281,6,5,38
2026-06-13,Bakery,68,22,227.25,204.53,10,2.0183,2.3561,0,11,56.76
2026-06-14,Bakery,76,20,160.38,120.28,25,1.3883,1.8111,1,9,49.51
2026-06-15,Grocery,43,2,172.75,146.84,15,0.8665,0.9177,2,5,3.05
2026-06-16,Produce,10,21,266.57,226.58,15,1.7905,2.1573,3,3,10
2026-06-17,Produce,43,7,207.08,155.31,25,1.2954,2.33,4,8,27.81
2026-06-18,Bakery,25,21,139.88,90.92,35,1.6378,1.242,5,22,25
2026-06-19,Dairy,24,25,295.68,236.54,20,0.05,1.5508,6,21,21.14
2026-06-20,Deli,11,3,321.93,257.54,20,1.1411,1.1588,0,28,4.23
2026-06-21,Deli,38,5,335.51,285.18,15,0.9903,1.104,1,24,8.56
2026-06-22,Dairy,27,17,153.33,122.66,20,1.6328,1.8625,2,10,27
2026-06-23,Deli,63,7,201.19,130.77,35,1.1376,0.7437,3,26,15.09
2026-06-24,Bakery,58,17,393.62,275.53,30,1.9486,1.4894,4,15,58
2026-06-25,Meat,73,5,181.64,181.64,0,1.5947,0.888,5,29,8.36
2026-06-26,Seafood,76,1,434.44,369.27,15,1.5082,0.8143,6,28,0.65
2026-06-27,Meat,80,12,154.19,92.51,40,0.4282,1.4666,0,10,12.22
2026-06-28,Meat,80,14,439.97,285.98,35,1.045,1.3213,1,18,24.86
2026-06-29,Grocery,8,11,147.84,133.06,10,0.6033,1.1184,2,3,8
2026-06-30,Bakery,78,25,404.13,282.89,30,1.6805,2.4751,3,11,78
2026-07-01,Deli,54,24,341.81,222.18,35,1.1095,0.766,4,22,54
2026-07-02,Meat,61,9,32.79,29.51,10,0.3723,1.2703,5,30,6.09
2026-07-03,Seafood,77,14,49.46,37.09,25,0.4014,0.473,6,5,7.02
2026-07-04,Bakery,30,25,404.25,303.19,25,2.2422,0.5287,0,13,30
2026-07-05,Grocery,48,16,223.94,156.76,30,0.8426,1.2728,1,20,25.58
2026-07-06,Produce,57,17,473.25,425.93,10,1.2292,2.5872,2,24,37.01
2026-07-07,Dairy,39,7,354.79,248.35,30,2.5934,1.0064,3,16,25.89
2026-07-08,Meat,44,17,33.86,25.39,25,0.7208,1.7459,4,16,28.71
2026-07-09,Seafood,76,23,400.72,320.58,20,0.4644,0.6681,5,7,20.9
2026-07-10,Seafood,36,23,453.09,294.51,35,1.4345,1.123,6,13,36
2026-07-11,Seafood,18,15,167.81,167.81,0,0.8559,1.0353,0,30,11.06
2026-07-12,Produce,33,28,280.99,168.59,40,1.6129,2.1617,1,19,33
2026-07-13,Seafood,55,3,386.28,309.02,20,1.3163,0.679,2,10,5.01
2026-07-14,Seafood,55,24,433.24,433.24,0,0.8011,0.7431,3,26,17.16
2026-07-15,Seafood,5,3,390.65,332.05,15,0.883,0.5708,4,22,4.3
2026-07-16,Deli,29,3,25.73,19.3,25,0.8896,0.8671,5,25,3.27
2026-07-17,Grocery,47,15,273.99,164.39,40,1.5592,1.1997,6,13,41.87
2026-07-18,Grocery,9,5,474.04,308.13,35,1.0639,1.2495,0,11,8.63
2026-07-19,Grocery,79,17,204.32,163.46,20,1.4833,1.0406,1,24,37.19
2026-07-20,Dairy,31,7,201.12,130.73,35,2.2048,1.8769,2,10,30.28
2026-07-21,Seafood,60,4,168.19,117.73,30,0.8015,0.354,3,8,5.34
2026-07-22,Produce,20,14,209.36,136.08,35,1.4298,2.1777,4,20,20
2026-07-23,Meat,66,16,150.86,90.52,40,1.2358,1.7382,5,22,49.02
2026-07-24,Deli,39,22,333.78,250.33,25,1.5531,0.7185,6,9,39
2026-07-25,Grocery,61,24,398.93,398.93,0,1.25,1.5106,0,18,27.99
2026-07-26,Grocery,56,15,289.85,217.39,25,1.7011,1.0953,1,16,42.13
2026-07-27,Grocery,13,12,171.36,102.82,40,1.0991,0.8507,2,5,13
2026-07-28,Deli,63,25,389.1,311.28,20,1.7211,1.3749,3,4,63
2026-07-29,Meat,38,28,375.78,244.26,35,0.5635,0.884,4,19,38
2026-07-30,Dairy,40,8,368.12,257.68,30,1.555,2.7855,5,16,34.65
2026-07-31,Deli,46,8,478.07,382.46,20,0.6181,1.3256,6,16,9.36
2026-08-01,Grocery,4,2,434.31,434.31,0,0.9946,1.0725,0,5,3.1
2026-08-02,Bakery,34,24,412.09,288.46,30,1.797,1.898,1,22,34
2026-08-03,Produce,79,25,263.39,171.2,35,3.1154,0.3492,2,13,79
2026-08-04,Meat,60,7,399.09,299.32,25,1.1925,0.9926,3,26,13.38
2026-08-05,Deli,60,16,226.9,204.21,10,0.4878,1.1588,4,3,13.67
2026-08-06,Deli,62,24,373.21,242.59,35,1.4642,0.7777,5,28,62
2026-08-07,Seafood,73,13,445.58,445.58,0,0.87,0.4748,6,22,8.79
2026-08-08,Meat,5,12,275.21,247.69,10,1.359,1.0676,0,10,5
2026-08-09,Produce,3,8,371.75,315.99,15,0.4703,2.0298,1,29,3
2026-08-10,Grocery,33,22,320.99,208.64,35,0.7596,1.0795,2,11,33
2026-08-11,Bakery,11,12,127.73,114.96,10,1.2003,1.6955,3,30,11
2026-08-12,Dairy,73,7,305.62,275.06,10,1.9202,1.4847,4,19,22.7
2026-08-13,Deli,36,6,241.22,180.91,25,1.2144,1.1768,5,6,13.17
2026-08-14,Bakery,24,30,460.25,368.2,20,2.2347,1.9276,6,10,24
2026-08-15,Seafood,13,12,280.2,182.13,35,0.285,1.218,0,6,12.7
2026-08-16,Dairy,29,3,461.37,415.23,10,1.0491,1.2098,1,7,4.24
2026-08-17,Deli,50,17,117.91,76.64,35,1.273,0.7592,2,22,39.37
2026-08-18,Meat,71,25,198.22,168.49,15,1.2252,0.9677,3,22,35.87
2026-08-19,Deli,10,11,409.2,306.9,25,1.0271,0.6791,4,20,10
2026-08-20,Grocery,49,11,408.63,367.77,10,0.8705,0.8026,5,22,14.42
2026-08-21,Dairy,71,7,122.63,110.37,10,1.1137,1.2968,6,20,10.78
2026-08-22,Produce,8,25,372.86,298.29,20,1.0908,2.2133,0,11,8
2026-08-23,Seafood,27,13,148.08,125.87,15,0.8303,1.0461,1,21,14.25
2026-08-24,Grocery,33,24,489.59,489.59,0,0.3361,1.2632,2,6,11.44
2026-08-25,Dairy,68,3,174.34,104.6,40,1.8626,1.2877,3,15,12.77
2026-08-26,Bakery,34,7,64.83,45.38,30,1.7674,1.1184,4,5,29.91
2026-08-27,Deli,7,8,115.16,86.37,25,1.0668,1.5766,5,6,7
2026-08-28,Bakery,55,20,196.27,147.2,25,1.6074,1.5585,6,17,55
2026-01-01,Grocery,58,24,137.76,103.32,25,0.6664,1.5565,0,8,34.21
2026-01-02,Meat,15,19,92.15,69.11,25,1.4362,1.0397,1,12,15
2026-01-03,Produce,16,3,35.88,32.29,10,3.0106,1.5075,2,22,12.39
2026-01-04,Bakery,10,1,450.21,382.68,15,1.7312,2.0194,3,28,3.32
2026-01-05,Produce,54,4,279.38,181.6,35,2.7165,0.78,4,28,23.59
2026-01-06,Grocery,54,12,105.99,68.89,35,1.1194,1.1994,5,15,24.66
2026-01-07,Dairy,70,1,116.94,87.7,25,0.5588,1.5174,6,3,1.16
2026-01-08,Deli,32,19,91.1,63.77,30,0.5285,0.5925,0,20,17.48
2026-01-09,Produce,9,15,359.14,305.27,15,2.1318,2.1471,1,30,9
2026-01-10,Deli,46,18,317.45,269.83,15,0.8291,1.194,2,17,25.29
2026-01-11,Bakery,47,5,66.98,46.89,30,2.1903,2.5904,3,19,27.08
2026-01-12,Seafood,5,21,360.59,306.5,15,1.0312,1.4615,4,15,5
2026-01-13,Bakery,51,26,45.86,45.86,0,2.4816,2.9205,5,28,51
2026-01-14,Deli,41,28,446.04,334.53,25,1.2613,0.5798,6,25,41
2026-01-15,Meat,8,11,366.06,366.06,0,1.0928,1.2376,0,19,8
2026-01-16,Deli,53,14,482.39,361.79,25,1.1886,1.2453,1,15,29.49
2026-01-17,Deli,48,21,229.92,195.43,15,1.2988,1.6527,2,17,33.32
2026-01-18,Produce,51,29,190.11,152.09,20,1.6918,2.5325,3,4,51
2026-01-19,Grocery,19,21,445.4,378.59,15,1.0418,0.9461,4,26,19
2026-01-20,Seafood,74,7,206.54,154.91,25,0.9751,0.5422,5,24,11.45
2026-01-21,Seafood,13,15,382.99,382.99,0,0.9128,0.9483,6,26,12.19
2026-01-22,Deli,69,28,303.76,212.63,30,1.8233,1.1418,0,25,69
2026-01-23,Meat,42,10,59.87,53.88,10,1.0577,1.6993,1,10,14.82
2026-01-24,Deli,19,15,291.38,203.97,30,0.1537,1.8695,2,16,13.36
2026-01-25,Grocery,10,7,414.53,290.17,30,0.9758,0.8456,3,28,10
2026-01-26,Meat,68,9,385.59,250.63,35,0.6545,1.26,4,27,13.51
2026-01-27,Grocery,45,27,205.5,174.67,15,0.8236,0.9,5,20,36.07
2026-01-28,Produce,23,6,274.63,233.44,15,0.3624,1.7336,6,27,3.91
2026-01-29,Seafood,70,4,128.71,102.97,20,0.8356,0.9563,0,16,5.96
2026-01-30,Meat,41,24,348.72,226.67,35,0.824,0.7628,1,18,36.63
2026-01-31,Meat,54,1,157.31,125.85,20,0.7978,1.1333,2,21,1.23
2026-02-01,Grocery,21,11,62.69,43.88,30,1.3048,0.9191,3,18,21
2026-02-02,Deli,47,29,349.75,244.82,30,1.0,1.0759,4,11,47
2026-02-03,Meat,61,23,483.55,435.19,10,1.09,1.2178,5,23,36.97
2026-02-04,Deli,52,17,349.85,297.37,15,0.8656,1.3381,6,6,27.08
2026-02-05,Seafood,66,20,226.59,158.61,30,1.2588,0.9605,0,14,42.45
2026-02-06,Seafood,12,11,389.56,253.21,35,0.843,1.0219,1,16,12
2026-02-07,Dairy,4,30,458.92,458.92,0,1.868,1.2196,2,26,4
2026-02-08,Meat,26,27,53.99,48.59,10,0.9006,1.2309,3,13,26
2026-02-09,Meat,22,16,106.96,80.22,25,1.2521,1.3474,4,27,22
2026-02-10,Meat,30,26,170.02,144.52,15,0.7076,1.1434,5,27,30
2026-02-11,Deli,9,14,478.59,478.59,0,1.3785,1.1016,6,9,9
2026-02-12,Deli,3,18,59.19,41.43,30,1.5099,0.9188,0,19,3
2026-02-13,Grocery,65,13,74.56,52.19,30,1.6219,0.8896,1,3,32.73
2026-02-14,Deli,77,8,98.26,63.87,35,2.0544,1.3925,2,26,26.75
2026-02-15,Seafood,20,13,260.49,260.49,0,0.9241,0.5907,3,15,8.62
2026-02-16,Produce,41,28,321.42,289.28,10,2.8389,2.573,4,14,41
2026-02-17,Grocery,22,15,406.43,284.5,30,0.3706,0.986,5,5,14.22
2026-02-18,Deli,30,11,289.61,289.61,0,0.9866,0.8487,6,5,12.01
2026-02-19,Dairy,26,13,222.97,178.38,20,1.0308,1.9051,0,18,23.48
2026-02-20,Produce,37,17,162.07,105.35,35,2.8983,2.0122,1,18,37
2026-02-21,Seafood,13,11,341.49,307.34,10,0.8339,0.8228,2,18,11.0
2026-02-22,Deli,11,12,97.76,73.32,25,0.9742,1.8094,3,9,11
2026-02-23,Produce,57,4,460.89,391.76,15,1.7442,1.11,4,10,10.86
2026-02-24,Meat,46,25,339.91,203.95,40,1.0421,1.4546,5,21,46
2026-02-25,Bakery,5,16,196.78,147.59,25,2.6851,1.7347,6,28,5
2026-02-26,Produce,42,7,130.76,84.99,35,1.0033,1.7975,0,28,21.84
2026-02-27,Meat,21,6,369.81,277.36,25,1.5557,1.1724,1,4,10.06
2026-02-28,Grocery,33,13,166.77,150.09,10,0.8128,1.2336,2,4,13.7
2026-03-01,Produce,17,2,83.46,58.42,30,2.0815,1.5852,3,30,6.82
2026-03-02,Dairy,39,25,316.92,237.69,25,1.5122,1.6733,4,20,39
2026-03-03,Grocery,25,5,192.39,134.67,30,0.8319,0.6535,5,15,7.81
2026-03-04,Deli,31,4,187.74,112.64,40,1.0478,1.5356,6,17,8.67
2026-03-05,Dairy,43,20,97.03,82.48,15,2.1682,0.3565,0,14,42.15
2026-03-06,Meat,77,1,398.23,278.76,30,0.5824,1.1392,1,19,1.59
2026-03-07,Bakery,55,21,216.16,183.74,15,1.2817,2.076,2,27,39.59
2026-03-08,Deli,18,21,393.93,256.05,35,1.344,1.4168,3,23,18
2026-03-09,Deli,3,15,167.78,100.67,40,0.4641,1.4922,4,21,3
2026-03-10,Grocery,15,21,145.88,87.53,40,0.8033,0.6959,5,10,15
2026-03-11,Deli,74,4,190.92,133.64,30,0.4751,0.1516,6,19,1.49
2026-03-12,Produce,66,7,470.94,329.66,30,1.8402,1.4068,0,22,23.79
2026-03-13,Seafood,15,13,34.17,20.5,40,0.9498,0.6654,1,24,15
2026-03-14,Seafood,16,2,233.21,233.21,0,1.2252,0.7899,2,4,2.37
2026-03-15,Grocery,58,18,357.85,304.17,15,0.7315,1.2439,3,24,20.2
2026-03-16,Bakery,22,13,77.17,54.02,30,0.8328,1.3557,4,21,22
2026-03-17,Grocery,54,15,346.51,242.56,30,0.4838,1.5305,5,18,22.19
2026-03-18,Dairy,48,12,359.03,233.37,35,1.6738,1.5438,6,9,43.27
2026-03-19,Deli,13,25,484.34,387.47,20,1.574,1.4095,0,27,13
2026-03-20,Dairy,3,20,60.35,48.28,20,2.0642,1.6475,1,23,3
2026-03-21,Deli,32,20,230.3,184.24,20,1.0029,0.9788,2,26,32
2026-03-22,Meat,59,14,390.1,351.09,10,1.3897,1.0205,3,27,24.19
2026-03-23,Seafood,4,29,340.49,204.29,40,0.8524,0.8102,4,14,4
2026-03-24,Seafood,58,21,425.65,361.8,15,0.8452,0.9389,5,8,31.58
2026-03-25,Produce,33,14,451.04,270.62,40,3.211,2.5317,6,25,33
2026-03-26,Seafood,11,26,92.21,59.94,35,0.5238,1.0538,0,7,11
2026-03-27,Dairy,24,26,60.89,51.76,15,1.6439,1.3838,1,15,24
2026-03-28,Bakery,16,30,303.15,257.68,15,2.4328,0.9788,2,27,16
2026-03-29,Seafood,60,11,482.79,362.09,25,0.6636,0.7128,3,9,13.39
2026-03-30,Dairy,43,12,158.08,142.27,10,1.6839,1.6293,4,30,30.46
2026-03-31,Seafood,46,29,65.53,42.59,35,0.5155,1.0532,5,3,40.57
2026-04-01,Produce,21,11,52.52,47.27,10,1.8201,1.6104,6,19,21
2026-04-02,Deli,15,25,280.1,210.08,25,0.6268,1.7509,0,11,15
2026-04-03,Grocery,20,22,103.76,93.38,10,0.9705,1.3637,1,4,20
2026-04-04,Bakery,26,4,235.39,188.31,20,2.328,1.8695,2,3,14.61
2026-04-05,Meat,53,16,462.06,277.24,40,1.1992,1.0445,3,24,27.74
2026-04-06,Produce,58,16,76.49,61.19,20,1.0442,2.0931,4,26,39.38
2026-04-07,Meat,3,12,254.51,152.71,40,1.047,0.9872,5,18,3
2026-04-08,Dairy,39,2,284.16,184.7,35,2.1667,0.8895,6,6,6.6
2026-04-09,Meat,76,13,130.63,104.5,20,1.5333,0.7769,0,13,22.0
2026-04-10,Seafood,35,13,317.01,190.21,40,1.0724,0.792,1,5,29.4
2026-04-11,Grocery,44,2,366.01,292.81,20,0.945,0.9614,2,28,2.88
2026-04-12,Meat,75,2,366.68,220.01,40,0.8147,0.9542,3,7,2.83
2026-04-13,Deli,17,27,359.95,215.97,40,1.1115,1.0315,4,20,17
2026-04-14,Meat,27,4,213.63,181.59,15,1.4234,0.7763,5,3,7.03
2026-04-15,Grocery,25,9,80.99,56.69,30,1.1151,0.9476,6,26,15.99
2026-04-16,Dairy,46,25,477.49,310.37,35,2.6299,1.5704,0,6,46
2026-04-17,Grocery,6,19,286.44,171.86,40,0.8114,1.1791,1,22,6
2026-04-18,Dairy,50,7,283.99,212.99,25,1.569,1.806,2,23,24.43
2026-04-19,Bakery,55,1,196.99,157.59,20,2.2209,1.4835,3,11,4.14
2026-04-20,Grocery,30,19,391.46,274.02,30,1.153,1.4413,4,26,30
2026-04-21,Bakery,9,10,455.99,410.39,10,2.2613,2.3481,5,14,9
2026-04-22,Meat,77,21,360.6,360.6,0,1.5652,1.373,6,27,30.57
2026-04-23,Seafood,61,20,72.48,43.49,40,1.2168,1.0525,0,16,44.0
2026-04-24,Meat,10,15,449.29,336.97,25,1.1166,1.3258,1,25,10
2026-04-25,Grocery,45,1,69.28,45.03,35,0.9865,1.5459,2,21,2.1
2026-04-26,Deli,33,7,237.9,178.43,25,0.6081,1.5442,3,27,11.69
2026-04-27,Seafood,61,13,245.77,159.75,35,0.9271,0.8711,4,23,25.1
2026-04-28,Seafood,78,23,404.54,242.72,40,1.1667,0.7209,5,10,49.69
2026-04-29,Seafood,63,3,386.14,386.14,0,0.9275,1.0669,6,29,2.04
2026-04-30,Produce,60,24,183.33,110.0,40,1.6473,2.3733,0,30,60
2026-05-01,Deli,3,4,168.54,126.41,25,1.8627,0.7702,1,17,3
2026-05-02,Produce,30,26,425.76,383.18,10,1.4367,2.5926,2,30,30
2026-05-03,Deli,40,28,102.04,102.04,0,0.4987,1.3746,3,29,15.69
2026-05-04,Meat,41,23,406.3,264.1,35,0.6426,1.1766,4,4,37.87
2026-05-05,Grocery,63,19,211.3,126.78,40,0.661,1.3422,5,7,33.22
2026-05-06,Meat,61,19,97.06,63.09,35,1.3832,1.0075,6,19,43.2
2026-05-07,Deli,6,9,385.15,385.15,0,0.9486,1.0243,0,14,6
2026-05-08,Produce,4,14,425.35,276.48,35,1.2117,1.8397,1,8,4
2026-05-09,Seafood,55,21,57.15,48.58,15,1.3995,0.7034,2,30,30.29
2026-05-10,Grocery,59,29,447.93,268.76,40,1.0725,0.7224,3,27,50.57
2026-05-11,Produce,75,7,293.38,190.7,35,2.3063,2.3355,4,26,40.51
2026-05-12,Seafood,59,25,58.14,52.33,10,0.9395,1.1725,5,10,37.31
2026-05-13,Deli,19,4,288.1,187.27,35,1.4893,1.6676,6,23,14.3
2026-05-14,Dairy,28,10,102.88,82.3,20,1.6325,1.1881,0,4,18.09
2026-05-15,Seafood,30,5,317.97,254.38,20,0.8957,1.1636,1,3,7.92
2026-05-16,Seafood,51,28,293.85,220.39,25,0.3379,0.793,2,3,17.48
2026-05-17,Grocery,47,20,335.82,268.66,20,0.7647,1.3134,3,22,22.63
2026-05-18,Deli,20,3,265.28,212.22,20,1.6585,0.5212,4,4,7.43
2026-05-19,Seafood,36,13,145.56,101.89,30,0.8166,1.1999,5,6,26.09
2026-05-20,Meat,69,21,397.07,297.8,25,1.0057,1.2531,6,12,39.36
2026-05-21,Dairy,3,17,178.89,107.33,40,0.0951,2.2621,0,28,3
2026-05-22,Bakery,74,16,433.33,281.66,35,1.6898,1.0693,1,17,51.34
2026-05-23,Meat,6,13,347.4,347.4,0,1.1687,1.5368,2,5,6
2026-05-24,Grocery,14,2,320.18,224.13,30,1.1304,0.2797,3,9,2.06
2026-05-25,Meat,76,25,339.37,203.62,40,0.4896,0.8702,4,18,37.89
2026-05-26,Dairy,12,27,144.51,122.83,15,2.421,1.6993,5,28,12
2026-05-27,Grocery,76,6,413.28,247.97,40,1.3965,0.8011,6,3,13.5
2026-05-28,Dairy,26,7,282.4,282.4,0,1.7413,1.4124,0,5,10.69
2026-05-29,Produce,25,2,275.36,206.52,25,1.8499,2.2072,1,8,8.3
2026-05-30,Produce,3,23,64.08,38.45,40,1.8523,1.6322,2,11,3
2026-05-31,Bakery,38,13,276.67,235.17,15,1.2715,1.1003,3,15,29.32
2026-06-01,Grocery,62,5,176.78,176.78,0,1.2505,1.0526,4,15,5.54
2026-06-02,Produce,76,22,237.48,178.11,25,2.1079,2.1703,5,18,76
2026-06-03,Meat,46,30,163.87,131.1,20,0.8134,1.2287,6,14,46
2026-06-04,Meat,21,16,453.49,362.79,20,0.6165,1.4095,0,5,19.26
2026-06-05,Seafood,45,9,236.58,201.09,15,0.9066,0.9358,1,5,13.18
2026-06-06,Deli,71,24,187.56,168.8,10,0.8619,0.9245,2,6,27.51
2026-06-07,Meat,66,14,314.42,188.65,40,1.1655,1.062,3,7,31.18
2026-06-08,Deli,76,3,87.08,78.37,10,1.3411,1.0299,4,10,5.3
2026-06-09,Dairy,22,23,485.53,291.32,40,1.0168,1.9629,5,21,22
2026-06-10,Produce,28,28,383.13,268.19,30,1.0615,1.9721,6,23,28
2026-06-11,Deli,44,30,410.01,369.01,10,1.514,0.9762,0,22,44
2026-06-12,Produce,13,15,159.15,135.28,15,3.4948,1.7855,1,17,13
2026-06-13,Deli,17,23,497.59,373.19,25,1.3646,1.461,2,28,17
2026-06-14,Grocery,33,27,301.84,256.56,15,0.7575,1.1822,3,10,33
2026-06-15,Produce,25,3,167.68,100.61,40,2.7665,1.9383,4,23,19.83
2026-06-16,Grocery,62,23,253.01,189.76,25,0.8551,1.4076,5,30,43.77
2026-06-17,Deli,62,20,271.47,230.75,15,2.0238,0.6247,6,14,41.33
2026-06-18,Grocery,46,4,454.4,340.8,25,1.072,1.3574,0,8,6.38
2026-06-19,Meat,76,30,47.27,37.82,20,0.9978,1.0484,1,3,50.09
2026-06-20,Produce,19,10,164.18,106.72,35,2.9531,1.7958,2,3,19
2026-06-21,Meat,56,3,357.03,214.22,40,0.6097,1.147,3,12,5.77
2026-06-22,Dairy,51,13,354.9,301.66,15,1.7876,1.7493,4,16,39.02
2026-06-23,Seafood,32,20,50.2,45.18,10,0.9672,0.8571,5,29,24.71
2026-06-24,Produce,15,2,347.42,295.31,15,1.6714,2.0597,6,8,5.01
2026-06-25,Seafood,53,6,172.6,155.34,10,0.3898,0.8629,0,13,6.25
2026-06-26,Grocery,4,19,442.43,398.19,10,0.8201,0.9788,1,13,4
2026-06-27,Meat,37,17,237.98,178.48,25,0.9253,1.3231,2,23,31.94
2026-06-28,Dairy,44,27,317.82,206.58,35,2.0111,1.2281,3,14,44
2026-06-29,Dairy,79,28,34.44,29.27,15,1.6789,1.8874,4,8,79
2026-06-30,Produce,62,10,371.08,296.86,20,1.9163,2.0503,5,21,38.73
2026-07-01,Bakery,7,19,359.01,359.01,0,1.456,0.8543,6,16,7
2026-07-02,Bakery,42,28,168.03,100.82,40,1.3229,1.7917,0,11,42
2026-07-03,Produce,39,2,108.62,86.9,20,1.3814,2.5898,1,22,7.31
2026-07-04,Dairy,10,24,373.99,224.39,40,2.4127,1.2478,2,22,10
2026-07-05,Dairy,32,10,349.86,227.41,35,2.1787,1.1908,3,30,32
2026-07-06,Dairy,78,24,435.94,305.16,30,1.7697,1.9503,4,9,78
2026-07-07,Dairy,68,27,71.84,57.47,20,1.0554,1.5246,5,10,68
2026-07-08,Deli,34,11,323.81,259.05,20,2.3637,1.5274,6,8,34
2026-07-09,Dairy,63,10,468.37,468.37,0,1.6128,1.126,0,9,11.71
2026-07-10,Produce,61,27,99.71,79.77,20,2.0264,2.1803,1,7,61
2026-07-11,Dairy,19,27,180.16,180.16,0,1.2324,1.3054,2,14,19
2026-07-12,Deli,66,18,50.72,38.04,25,0.7671,0.7842,3,23,23.05
2026-07-13,Seafood,41,22,474.49,308.42,35,1.0791,0.8626,4,22,41
2026-07-14,Dairy,50,12,431.53,366.8,15,1.2301,1.9858,5,27,31.55
2026-07-15,Meat,78,3,68.29,54.63,20,0.2531,1.3352,6,14,1.23
2026-07-16,Bakery,31,12,371.38,278.53,25,1.4309,1.5341,0,25,29.9
2026-07-17,Seafood,17,16,183.26,109.96,40,0.7818,1.0475,1,18,17
2026-07-18,Bakery,53,29,230.32,184.26,20,2.1496,2.3763,2,16,53
2026-07-19,Dairy,58,1,82.15,53.4,35,0.3091,2.0854,3,24,2.69
2026-07-20,Produce,71,28,337.14,219.14,35,2.0293,2.3175,4,16,71
2026-07-21,Bakery,8,11,162.35,162.35,0,1.7823,1.5267,5,15,8
2026-07-22,Meat,48,26,342.13,222.38,35,0.7472,0.8927,6,9,40.37
2026-07-23,Produce,6,14,458.63,458.63,0,2.2122,1.9756,0,6,6
2026-07-24,Bakery,39,3,388.51,252.53,35,1.6672,0.7551,1,18,9.03
2026-07-25,Seafood,70,17,262.9,236.61,10,0.4762,0.7213,2,11,11.28
2026-07-26,Seafood,53,29,336.81,218.93,35,1.271,0.7701,3,18,53
2026-07-27,Produce,48,18,67.08,46.96,30,3.1989,3.2648,4,4,48
2026-07-28,Deli,7,21,338.9,220.28,35,0.9859,1.5144,5,15,7
2026-07-29,Grocery,70,6,41.28,24.77,40,0.7938,1.4511,6,8,10.12
2026-07-30,Seafood,73,1,78.32,58.74,25,0.4785,1.0239,0,12,0.4
2026-07-31,Bakery,69,15,131.06,131.06,0,1.9526,2.1702,1,27,29.66
2026-08-01,Grocery,59,20,477.34,334.14,30,1.2142,1.1392,2,9,44.3
2026-08-02,Grocery,13,15,148.6,89.16,40,0.9309,0.9932,3,16,13
2026-08-03,Grocery,68,17,368.53,221.12,40,0.5092,1.4337,4,6,26.45
2026-08-04,Bakery,41,14,193.3,193.3,0,2.4244,1.3617,5,14,37.79
2026-08-05,Seafood,29,13,498.53,398.82,20,1.0219,0.8477,6,17,22.18
2026-08-06,Dairy,21,19,32.72,32.72,0,1.7223,1.8661,0,14,21
2026-08-07,Grocery,30,11,139.11,83.47,40,0.8844,0.6704,1,6,17.22
2026-08-08,Grocery,74,16,253.49,215.47,15,1.5255,1.0765,2,12,28.58
2026-08-09,Meat,22,16,30.99,27.89,10,1.4529,1.4828,3,29,22
2026-08-10,Deli,44,11,36.29,36.29,0,1.5113,1.5014,4,4,19.04
2026-08-11,Meat,7,24,341.26,273.01,20,0.6899,0.9399,5,19,7
2026-08-12,Grocery,42,5,204.32,132.81,35,0.8112,1.0445,6,28,8.76
2026-08-13,Seafood,34,10,274.92,274.92,0,1.3089,0.9612,0,22,10.74
2026-08-14,Deli,31,20,493.31,295.99,40,1.5518,0.9958,1,6,31
2026-08-15,Grocery,75,19,481.84,313.2,35,0.8908,1.2197,2,22,33.11
2026-08-16,Grocery,27,23,195.63,127.16,35,0.7987,1.1503,3,17,27
2026-08-17,Seafood,54,11,51.45,43.73,15,0.9605,0.9535,4,4,17.56
2026-08-18,Deli,62,13,239.51,215.56,10,2.2286,1.2584,5,14,38.4
2026-08-19,Meat,8,19,417.38,375.64,10,1.7649,0.8007,6,3,8
2026-08-20,Deli,55,3,216.21,216.21,0,1.9222,1.0377,0,30,2.56
2026-08-21,Dairy,77,7,85.37,64.03,25,1.5809,0.9855,1,15,15.04
2026-08-22,Seafood,56,7,64.38,54.72,15,0.6258,0.5338,2,29,6.07
2026-08-23,Meat,39,26,168.8,143.48,15,1.3264,1.1181,3,7,39
2026-08-24,Deli,72,18,422.29,337.83,20,1.1072,1.1565,4,17,33.31
2026-08-25,Dairy,12,15,167.6,167.6,0,1.5304,1.6741,5,20,12
2026-08-26,Bakery,22,23,205.62,133.65,35,1.5389,1.1299,6,11,22
2026-08-27,Seafood,80,4,387.06,251.59,35,1.0329,0.9046,0,28,6.59
2026-08-28,Bakery,67,28,294.73,265.26,10,3.2502,2.2821,1,28,67
2026-01-01,Seafood,19,20,373.48,242.76,35,1.3556,0.7903,2,18,19
2026-01-02,Grocery,73,18,342.81,274.25,20,1.233,0.8061,3,10,36.41
2026-01-03,Deli,38,3,69.29,62.36,10,0.9974,1.1828,4,23,6.05
2026-01-04,Bakery,4,10,475.67,332.97,30,0.8357,2.5358,5,10,4
2026-01-05,Dairy,17,11,236.34,236.34,0,1.2895,1.9581,6,21,13.95
2026-01-06,Produce,9,9,408.17,265.31,35,1.9894,1.5189,0,29,9
2026-01-07,Meat,70,15,126.02,126.02,0,1.1966,1.344,1,15,19.98
2026-01-08,Deli,63,11,84.44,71.77,15,0.533,0.6888,2,18,9.55
2026-01-09,Meat,9,9,241.12,180.84,25,1.3638,1.1392,3,11,9
2026-01-10,Meat,77,21,316.38,189.83,40,1.0818,1.8886,4,10,63.41
2026-01-11,Meat,32,4,211.76,158.82,25,1.7004,1.4219,5,3,10.79
2026-01-12,Seafood,5,13,131.47,85.46,35,1.0503,0.9169,6,10,5
2026-01-13,Bakery,74,23,46.6,27.96,40,2.365,1.555,0,5,74
2026-01-14,Bakery,80,18,217.87,152.51,30,2.427,1.5333,1,8,80
2026-01-15,Deli,53,8,42.79,32.09,25,1.538,1.239,2,17,18.74
2026-01-16,Meat,74,10,204.82,153.62,25,1.552,0.7026,3,17,21.19
2026-01-17,Bakery,34,29,217.51,195.76,10,2.0064,1.8284,4,3,34
2026-01-18,Seafood,59,3,255.99,204.79,20,0.5465,0.767,5,12,2.45
2026-01-19,Meat,28,7,412.54,412.54,0,0.9312,1.153,6,6,7.47
2026-01-20,Meat,57,23,420.27,420.27,0,1.0371,1.0874,0,5,22.8
2026-01-21,Deli,40,10,65.91,46.14,30,0.9162,1.6161,1,10,18.45
2026-01-22,Produce,69,22,168.94,109.81,35,2.1622,3.3617,2,14,69
2026-01-23,Dairy,75,8,493.18,295.91,40,1.5199,1.3971,3,10,26.64
2026-01-24,Bakery,10,29,172.78,146.86,15,2.2465,1.3884,4,14,10
2026-01-25,Dairy,52,24,365.88,219.53,40,1.1523,1.1025,5,21,52
2026-01-26,Seafood,57,10,354.87,301.64,15,1.1104,0.8544,6,26,16.69
2026-01-27,Dairy,28,30,401.57,281.1,30,1.7888,1.1397,0,29,28
2026-01-28,Meat,64,5,337.96,219.67,35,1.5972,0.6399,1,11,11.52
2026-01-29,Produce,33,3,154.9,123.92,20,2.3786,0.7694,2,17,7.69
2026-01-30,Bakery,3,14,198.51,178.66,10,1.8996,1.4144,3,13,3
2026-01-31,Grocery,19,20,81.26,73.13,10,0.7564,1.1759,4,20,19
2026-02-01,Meat,50,7,381.3,247.85,35,1.5373,1.0272,5,21,22.68
2026-02-02,Meat,79,23,237.73,213.96,10,1.6259,0.9172,6,18,38.87
2026-02-03,Bakery,32,28,309.67,247.74,20,1.3947,1.799,0,25,32
2026-02-04,Seafood,72,4,493.14,320.54,35,1.2993,0.7977,1,22,9.53
2026-02-05,Seafood,10,28,181.4,154.19,15,1.1257,0.8312,2,4,10
2026-02-06,Produce,17,3,341.93,341.93,0,2.5395,2.2663,3,21,7.9
2026-02-07,Grocery,74,7,147.51,110.63,25,1.0598,1.4873,4,23,14.02
2026-02-08,Meat,20,3,475.09,380.07,20,1.6753,1.1037,5,27,7.05
2026-02-09,Dairy,41,17,341.35,221.88,35,1.4006,1.8111,6,27,41
2026-02-10,Produce,74,22,430.03,258.02,40,2.7275,2.6464,0,24,74
2026-02-11,Deli,18,17,259.55,155.73,40,1.3465,1.456,1,16,18
2026-02-12,Seafood,49,29,485.48,315.56,35,1.0555,0.9629,2,19,49
2026-02-13,Meat,20,5,34.97,27.98,20,1.0494,1.1017,3,15,6.08
2026-02-14,Seafood,18,10,253.33,228.0,10,0.6138,0.6106,4,7,8.19
2026-02-15,Dairy,36,14,388.17,252.31,35,0.5343,1.1315,5,9,21.42
2026-02-16,Deli,78,30,56.41,33.85,40,1.1332,1.225,6,21,72.44
2026-02-17,Produce,76,3,373.73,317.67,15,2.4998,2.3261,0,20,10.38
2026-02-18,Dairy,54,29,407.4,366.66,10,2.0,2.3386,1,22,54
2026-02-19,Seafood,75,20,177.42,150.81,15,1.316,1.1155,2,22,33.55
2026-02-20,Grocery,35,25,147.62,110.72,25,1.0168,0.7738,3,27,35
2026-02-21,Produce,72,24,231.63,208.47,10,1.5344,2.8641,4,5,65.12
2026-02-22,Deli,31,26,129.87,84.42,35,1.173,1.6901,5,18,31
2026-02-23,Grocery,45,3,175.7,122.99,30,0.9619,0.6338,6,25,3.4
2026-02-24,Bakery,52,25,356.84,303.31,15,1.9452,1.1476,0,14,52
2026-02-25,Meat,22,4,32.51,24.38,25,1.0457,1.8849,1,17,7.22
2026-02-26,Dairy,55,4,109.82,71.38,35,1.4114,1.5587,2,12,12.94
2026-02-27,Bakery,3,18,108.22,75.75,30,2.2421,1.3794,3,21,3
2026-02-28,Grocery,32,15,367.7,294.16,20,0.735,0.8313,4,27,15.79
2026-03-01,Deli,75,3,481.79,409.52,15,1.2386,1.188,5,24,7.4
2026-03-02,Bakery,11,3,252.76,202.21,20,3.414,1.6923,6,19,11
2026-03-03,Grocery,48,5,211.65,126.99,40,1.067,1.0916,0,8,8.69
2026-03-04,Deli,40,18,371.88,316.1,15,1.229,1.2863,1,15,32.4
2026-03-05,Dairy,68,2,357.23,303.65,15,1.5141,0.4996,2,20,1.16
2026-03-06,Dairy,62,17,131.01,111.36,15,1.5454,1.3786,3,19,31.72
2026-03-07,Dairy,24,3,327.42,261.94,20,1.6473,1.2324,4,27,4.03
2026-03-08,Deli,47,18,95.94,95.94,0,1.1525,1.2073,5,20,20.3
2026-03-09,Deli,72,5,248.23,223.41,10,0.6554,0.6728,6,18,4.88
2026-03-10,Meat,58,23,386.97,309.58,20,0.8646,0.8872,0,13,30.23
2026-03-11,Deli,14,11,350.1,350.1,0,1.768,1.5399,1,5,14
2026-03-12,Bakery,17,17,318.76,239.07,25,1.7177,1.5253,2,4,17
2026-03-13,Bakery,56,7,30.1,18.06,40,1.4998,2.0656,3,4,28.99
2026-03-14,Dairy,70,24,134.68,107.74,20,1.1153,0.9031,4,9,50.47
2026-03-15,Grocery,29,11,297.8,193.57,35,0.6512,1.0182,5,20,15.64
2026-03-16,Bakery,80,28,78.13,50.78,35,1.6878,1.4306,6,16,80
2026-03-17,Meat,74,13,248.84,186.63,25,1.4886,1.324,0,3,28.15
2026-03-18,Deli,38,12,457.19,411.47,10,1.5907,1.0743,1,17,20.18
2026-03-19,Bakery,72,1,161.51,113.06,30,1.9933,1.5656,2,26,3.63
2026-03-20,Produce,65,4,218.43,185.67,15,1.3672,1.7013,3,21,8.39
2026-03-21,Dairy,15,10,81.53,81.53,0,0.9075,1.4644,4,22,12.56
2026-03-22,Seafood,76,14,489.66,318.28,35,1.3083,1.15,5,8,39.18
2026-03-23,Produce,50,11,100.9,80.72,20,2.5895,1.8938,6,28,43.96
2026-03-24,Meat,9,30,179.08,143.26,20,1.6535,1.0525,0,11,9
2026-03-25,Produce,42,2,261.05,169.68,35,1.6136,2.2502,1,30,9.5
2026-03-26,Produce,79,7,197.96,178.16,10,3.3269,2.6915,2,13,31.12
2026-03-27,Meat,58,22,421.54,252.92,40,0.4,0.711,3,20,22.51
2026-03-28,Dairy,8,13,130.0,78.0,40,1.3848,2.0907,4,14,8
2026-03-29,Seafood,71,29,448.17,448.17,0,0.8879,0.8027,5,6,25.0
2026-03-30,Seafood,58,18,57.02,42.77,25,0.9776,0.7731,6,14,22.25
2026-03-31,Produce,40,11,338.86,237.2,30,1.063,1.6881,0,13,25.42
2026-04-01,Produce,48,26,292.68,175.61,40,1.6457,2.6332,1,6,48
2026-04-02,Produce,60,7,494.98,395.98,20,1.1451,2.5089,2,13,18.83
2026-04-03,Grocery,21,14,235.02,176.27,25,0.6797,1.5377,3,3,21
2026-04-04,Meat,48,19,484.79,290.87,40,1.906,1.1791,4,27,48
2026-04-05,Bakery,47,29,338.17,287.44,15,2.2549,2.6497,5,22,47
2026-04-06,Seafood,10,13,28.69,22.95,20,1.3723,0.8599,6,26,10
2026-04-07,Bakery,67,5,326.92,261.54,20,3.6789,1.8712,0,6,21.81
2026-04-08,Produce,34,4,372.0,223.2,40,2.0182,0.9473,1,22,14.94
2026-04-09,Dairy,16,15,325.87,228.11,30,1.0909,0.5079,2,10,16
2026-04-10,Dairy,65,17,380.38,266.27,30,0.9589,1.6867,3,14,36.28
2026-04-11,Produce,74,21,433.87,282.02,35,1.6714,1.9778,4,10,74
2026-04-12,Meat,53,15,355.92,355.92,0,0.8055,0.9327,5,3,10.18
2026-04-13,Produce,63,1,137.68,103.26,25,0.5331,0.8848,6,23,2.07
2026-04-14,Seafood,38,10,173.5,130.12,25,0.2897,1.0587,0,6,6.6
2026-04-15,Seafood,60,2,216.42,183.96,15,0.8934,0.7544,1,12,1.13
2026-04-16,Produce,41,8,390.08,273.06,30,0.7668,2.2882,2,15,20.09
2026-04-17,Bakery,36,30,143.51,114.81,20,2.4669,1.49,3,30,36
2026-04-18,Meat,9,24,244.48,158.91,35,0.9465,0.6745,4,17,9
2026-04-19,Meat,31,25,462.92,277.75,40,0.8257,1.5285,5,18,31
2026-04-20,Meat,30,10,495.72,495.72,0,0.9577,0.2795,6,9,7.94
2026-04-21,Bakery,15,15,408.03,244.82,40,1.1902,1.9145,0,30,15
2026-04-22,Dairy,6,11,329.91,329.91,0,0.9535,0.9441,1,15,6
2026-04-23,Meat,22,6,115.6,80.92,30,1.0426,1.3373,2,22,12.75
2026-04-24,Deli,73,5,183.19,183.19,0,1.7144,1.1647,3,27,6.72
2026-04-25,Dairy,53,30,174.65,148.45,15,1.0599,1.6004,4,6,53
2026-04-26,Deli,60,20,99.04,99.04,0,0.8689,1.5576,5,10,31.04
2026-04-27,Deli,65,16,60.55,39.36,35,1.2985,0.8892,6,14,39.28
2026-04-28,Deli,47,12,355.06,355.06,0,1.2653,1.3747,0,4,13.69
2026-04-29,Grocery,63,4,144.45,115.56,20,0.738,1.127,1,21,6.87
2026-04-30,Deli,63,26,404.62,364.16,10,0.9127,1.2172,2,21,31.45
2026-05-01,Dairy,79,30,69.29,58.9,15,0.6559,1.6025,3,13,41.55
2026-05-02,Bakery,54,15,74.1,62.98,15,0.6186,1.9499,4,20,27.21
2026-05-03,Produce,6,8,198.22,148.66,25,1.8144,2.7494,5,11,6
2026-05-04,Deli,44,12,410.36,287.25,30,1.7005,1.0981,6,16,32.77
2026-05-05,Dairy,45,23,228.63,137.18,40,0.6024,1.5076,0,28,35.76
2026-05-06,Dairy,20,8,256.88,205.5,20,1.0167,0.9595,1,11,11.57
2026-05-07,Produce,55,27,41.8,35.53,15,1.5519,0.948,2,24,54.75
2026-05-08,Seafood,21,27,475.32,308.96,35,1.0797,1.1673,3,8,21
2026-05-09,Produce,22,6,54.48,32.69,40,1.5525,2.3859,4,27,22
2026-05-10,Meat,58,2,330.57,198.34,40,1.1264,1.6216,5,13,6.13
2026-05-11,Produce,25,4,43.37,34.7,20,1.5862,1.7932,6,16,11.27
2026-05-12,Meat,23,16,458.37,297.94,35,1.1931,1.1533,0,23,23
2026-05-13,Dairy,33,22,383.58,306.86,20,0.8659,1.1638,1,8,33
2026-05-14,Meat,51,30,397.02,337.47,15,0.564,1.5889,2,10,39.23
2026-05-15,Bakery,13,16,100.82,65.53,35,2.0058,1.8478,3,19,13
2026-05-16,Dairy,62,21,236.12,177.09,25,1.1034,1.825,4,13,61.63
2026-05-17,Deli,74,20,178.97,107.38,40,1.4159,0.4655,5,9,56.34
2026-05-18,Dairy,69,6,419.53,419.53,0,1.4237,2.7259,6,8,9.47
2026-05-19,Grocery,73,19,50.18,37.63,25,0.9702,1.4672,0,7,27.42
2026-05-20,Produce,37,29,258.26,258.26,0,2.6887,2.3492,1,25,37
2026-05-21,Seafood,57,1,445.91,334.43,25,0.4488,1.0532,2,13,0.96
2026-05-22,Dairy,62,12,128.32,76.99,40,2.4659,1.3281,3,20,52.3
2026-05-23,Meat,4,9,234.72,176.04,25,0.7196,1.2885,4,16,4
2026-05-24,Bakery,68,5,262.56,157.54,40,2.1293,2.0982,5,12,28.29
2026-05-25,Dairy,69,13,54.12,46.0,15,0.05,1.3928,6,5,9.89
2026-05-26,Produce,51,21,147.15,88.29,40,1.3386,2.5408,0,30,51
2026-05-27,Grocery,69,3,472.22,472.22,0,0.7132,1.4175,1,28,1.86
2026-05-28,Dairy,54,3,204.55,122.73,40,1.8784,2.0796,2,14,12.28
2026-05-29,Produce,21,3,246.45,197.16,20,3.1534,1.2584,3,7,14.16
2026-05-30,Meat,49,22,138.16,96.71,30,0.05,0.9771,4,29,12.28
2026-05-31,Grocery,5,26,65.25,58.73,10,1.4416,0.9452,5,17,5
2026-06-01,Bakery,18,30,248.86,161.76,35,1.9254,0.6497,6,14,18
2026-06-02,Dairy,64,2,246.99,222.29,10,1.4719,1.3508,0,10,3.6
2026-06-03,Dairy,73,14,300.02,180.01,40,1.339,1.0949,1,7,36.97
2026-06-04,Produce,40,30,220.83,220.83,0,1.8776,2.198,2,3,40
2026-06-05,Bakery,63,22,49.22,44.3,10,2.0581,0.9178,3,3,51.41
2026-06-06,Produce,4,6,201.81,171.54,15,1.666,2.4046,4,23,4
2026-06-07,Dairy,25,23,40.57,40.57,0,1.6322,1.776,5,18,25
2026-06-08,Deli,80,29,249.85,149.91,40,0.9203,0.7335,6,10,54.65
2026-06-09,Seafood,57,20,177.61,106.57,40,0.6814,0.8976,0,27,25.1
2026-06-10,Dairy,22,12,207.2,155.4,25,1.3459,1.2635,1,6,22
2026-06-11,Deli,30,25,234.38,234.38,0,1.6194,1.7903,2,30,30
2026-06-12,Deli,27,3,138.22,110.58,20,1.702,0.7324,3,21,7.02
2026-06-13,Seafood,80,26,237.46,213.71,10,0.5972,0.8765,4,27,19.31
2026-06-14,Bakery,70,27,177.11,106.27,40,1.9208,0.8239,5,4,70
2026-06-15,Seafood,69,12,166.68,108.34,35,1.0115,0.7911,6,11,21.27
2026-06-16,Meat,7,20,269.87,215.9,20,1.7614,0.9392,0,26,7
2026-06-17,Bakery,48,22,236.0,177.0,25,1.792,1.4617,1,21,48
2026-06-18,Meat,29,14,111.76,78.23,30,1.1313,0.8129,2,6,29
2026-06-19,Bakery,17,29,68.0,68.0,0,1.6327,2.3532,3,28,17
2026-06-20,Produce,12,28,482.03,361.52,25,1.378,2.3366,4,26,12
2026-06-21,Deli,31,20,413.79,372.41,10,1.1609,1.2306,5,16,31
2026-06-22,Bakery,29,17,49.85,29.91,40,1.7298,1.4458,6,20,29
2026-06-23,Bakery,8,29,445.26,378.47,15,3.2631,1.4887,0,7,8
2026-06-24,Deli,66,20,339.78,288.81,15,2.0192,1.2382,1,29,48.49
2026-06-25,Meat,64,17,462.66,416.39,10,1.7897,1.064,2,5,31.99
2026-06-26,Seafood,39,25,248.48,186.36,25,0.5958,0.6874,3,12,22.67
2026-06-27,Dairy,34,19,469.35,422.42,10,1.6701,0.9369,4,11,34
2026-06-28,Produce,26,16,63.29,41.14,35,2.3922,2.1808,5,11,26
2026-06-29,Deli,21,26,320.21,272.18,15,1.3123,0.5614,6,29,21
2026-06-30,Grocery,67,20,271.27,162.76,40,0.6303,0.7998,0,12,20.53
2026-07-01,Deli,68,11,147.54,88.52,40,1.3149,1.25,1,10,21.87
2026-07-02,Deli,17,1,461.08,391.92,15,1.1032,0.7323,2,3,1.24
2026-07-03,Produce,80,11,231.61,138.97,40,1.5474,1.0833,3,25,47.78
2026-07-04,Meat,35,7,204.02,163.22,20,1.01,1.0923,4,19,13.37
2026-07-05,Deli,40,26,252.3,201.84,20,1.4787,0.6404,5,14,40
2026-07-06,Grocery,11,4,491.06,319.19,35,0.6656,0.898,6,10,4.63
2026-07-07,Seafood,10,29,483.89,290.33,40,0.4296,1.1769,0,22,10
2026-07-08,Deli,6,17,436.53,349.22,20,1.29,1.2576,1,12,6
2026-07-09,Dairy,9,8,126.26,75.76,40,0.9476,1.7715,2,23,9
2026-07-10,Produce,65,25,57.02,37.06,35,1.7263,1.7314,3,14,65
2026-07-11,Grocery,11,7,404.91,364.42,10,1.6776,1.0819,4,20,11
2026-07-12,Produce,65,1,283.65,241.1,15,1.2422,1.7541,5,15,2.49
2026-07-13,Grocery,43,3,356.05,267.04,25,0.891,0.6592,6,13,5.6
2026-07-14,Meat,51,13,135.03,87.77,35,0.7646,1.6547,0,8,28.04
2026-07-15,Produce,73,28,348.31,296.06,15,2.7771,1.8739,1,8,73
2026-07-16,Produce,72,17,206.08,206.08,0,2.5179,1.7235,2,21,41.64
2026-07-17,Produce,70,20,386.56,328.58,15,1.8351,0.7716,3,25,45.97
2026-07-18,Seafood,39,18,238.28,238.28,0,0.8551,0.9718,4,24,19.84
2026-07-19,Dairy,72,27,288.86,173.32,40,1.6768,2.1151,5,30,72
2026-07-20,Dairy,23,7,461.03,368.82,20,2.3498,0.6991,6,7,14.13
2026-07-21,Seafood,64,15,283.94,241.35,15,0.7732,0.5972,0,24,14.86
2026-07-22,Seafood,26,11,248.82,149.29,40,0.8373,0.1389,1,19,13.92
2026-07-23,Grocery,74,15,132.59,99.44,25,0.8038,0.8868,2,26,19.6
2026-07-24,Bakery,26,14,341.27,273.02,20,2.0218,1.4203,3,27,26
2026-07-25,Seafood,50,21,253.16,177.21,30,0.4712,1.0289,4,23,25.41
2026-07-26,Dairy,60,28,262.36,262.36,0,1.9416,1.6388,5,21,57.66
2026-07-27,Grocery,10,7,472.22,283.33,40,1.2778,1.0783,6,29,10
2026-07-28,Dairy,73,6,188.59,113.15,40,1.5994,1.4551,0,4,17.86
2026-07-29,Seafood,22,24,182.26,127.58,30,0.3628,0.8304,1,22,22
2026-07-30,Produce,31,26,491.02,294.61,40,3.5592,0.9275,2,6,31
2026-07-31,Grocery,74,16,280.28,252.25,10,0.7649,0.7474,3,23,17.0
2026-08-01,Seafood,39,28,214.87,128.92,40,0.9337,1.1673,4,15,39
2026-08-02,Meat,41,1,482.86,362.14,25,0.3375,0.3474,5,11,0.51
2026-08-03,Produce,58,22,262.24,209.79,20,2.2931,2.9123,6,25,58
2026-08-04,Dairy,72,10,311.09,217.76,30,1.3592,0.5173,0,17,18.46
2026-08-05,Bakery,57,1,448.3,358.64,20,1.5838,1.4223,1,24,1.93
2026-08-06,Seafood,23,9,225.33,225.33,0,1.457,0.8406,2,20,11.59
2026-08-07,Meat,29,11,53.1,45.13,15,1.2124,1.0647,3,19,18.81
2026-08-08,Bakery,18,23,139.63,83.78,40,1.4351,2.5659,4,7,18
2026-08-09,Meat,34,8,194.03,194.03,0,0.7551,1.7234,5,20,9.55
2026-08-10,Produce,17,1,198.84,159.07,20,1.7257,2.1307,6,28,3.97
2026-08-11,Dairy,54,11,242.73,206.32,15,1.1229,1.1292,0,5,18.43
2026-08-12,Deli,51,30,198.76,129.19,35,1.8186,1.0153,1,25,51
2026-08-13,Meat,40,22,192.89,115.73,40,0.9097,1.3549,2,3,36.33
2026-08-14,Deli,33,11,351.96,228.77,35,0.7106,1.5773,3,5,23.31
2026-08-15,Grocery,41,4,269.12,201.84,25,1.3583,0.7696,4,25,5.79
2026-08-16,Deli,49,5,93.12,93.12,0,0.4944,1.9136,5,27,4.19
2026-08-17,Meat,67,21,102.91,92.62,10,0.8371,1.2763,6,25,27.86
2026-08-18,Dairy,41,3,420.31,294.22,30,0.9861,0.7924,0,13,4.99
2026-08-19,Dairy,29,2,44.17,37.54,15,0.9888,1.5734,1,9,2.78
2026-08-20,Bakery,73,17,92.21,92.21,0,1.4572,2.1285,2,24,32.32
2026-08-21,Seafood,25,8,368.66,331.79,10,1.0149,0.4693,3,3,7.55
2026-08-22,Produce,25,23,301.81,196.18,35,4.1055,2.089,4,28,25
2026-08-23,Seafood,76,1,143.99,122.39,15,0.9397,0.7888,5,25,1.24
2026-08-24,Seafood,24,22,192.95,135.06,30,0.8717,0.8168,6,3,24
2026-08-25,Deli,64,30,313.7,235.27,25,1.8404,1.5413,0,13,64
2026-08-26,Deli,4,14,66.01,59.41,10,0.4463,1.803,1,9,4
2026-08-27,Seafood,32,10,149.44,104.61,30,0.6914,0.9306,2,16,10.81
2026-08-28,Produce,62,6,228.07,148.25,35,1.3696,2.5975,3,12,25.22
2026-01-01,Seafood,17,5,389.8,331.33,15,1.0869,0.9263,4,9,10.32
2026-01-02,Meat,31,3,43.73,32.8,25,1.4066,0.8641,5,4,6.35
2026-01-03,Dairy,70,20,476.62,476.62,0,0.7911,1.2767,6,24,17.79
2026-01-04,Grocery,49,10,99.95,89.95,10,0.5535,1.0646,0,21,7.16
2026-01-05,Seafood,7,19,268.74,241.87,10,0.8016,0.745,1,29,7
2026-01-06,Produce,15,7,235.08,199.82,15,2.5618,2.0659,2,30,15
2026-01-07,Produce,65,13,50.57,37.93,25,3.0888,1.845,3,18,65
2026-01-08,Bakery,30,1,353.12,317.81,10,1.5751,0.9687,4,28,1.02
2026-01-09,Seafood,40,16,41.99,41.99,0,1.2844,1.1796,5,10,23.21
2026-01-10,Deli,36,26,306.41,199.17,35,1.1113,1.6133,6,11,36
2026-01-11,Meat,53,16,188.85,113.31,40,0.4848,1.2576,0,23,22.88
2026-01-12,Grocery,31,5,60.74,39.48,35,1.451,1.0076,1,15,10.45
2026-01-13,Bakery,28,27,339.52,305.57,10,3.2092,2.5969,2,4,28
2026-01-14,Deli,59,25,488.86,488.86,0,0.185,1.7828,3,21,14.76
2026-01-15,Meat,29,13,53.7,34.91,35,1.1564,1.0483,4,15,29
2026-01-16,Meat,53,28,213.68,170.94,20,1.5348,1.2153,5,27,53
2026-01-17,Dairy,62,7,53.15,31.89,40,2.1177,1.9274,6,3,31.38
2026-01-18,Meat,11,16,155.32,155.32,0,1.0926,0.8959,0,8,11
2026-01-19,Dairy,30,10,426.08,276.95,35,1.1603,1.9742,1,25,26.06
2026-01-20,Meat,70,23,287.23,244.15,15,1.118,1.1123,2,26,38.26
2026-01-21,Bakery,76,27,259.12,220.25,15,0.4939,1.6256,3,7,38.22
2026-01-22,Produce,73,12,474.14,355.61,25,1.3076,0.6275,4,6,38.39
2026-01-23,Dairy,17,20,449.73,292.32,35,1.7679,0.3634,5,8,17
2026-01-24,Seafood,33,25,228.47,182.78,20,0.7149,0.6011,6,15,24.66
2026-01-25,Meat,27,27,94.05,75.24,20,1.0029,1.0831,0,17,27
2026-01-26,Deli,42,17,221.32,165.99,25,0.7934,0.6142,1,25,20.72
2026-01-27,Deli,53,4,134.67,121.2,10,1.4902,1.4658,2,8,8.61
2026-01-28,Meat,64,15,214.83,193.35,10,1.3134,1.0748,3,3,26.56
2026-01-29,Meat,17,4,380.92,285.69,25,1.097,1.2343,4,25,6.62
2026-01-30,Deli,30,23,358.95,323.06,10,1.3956,1.6021,5,6,30
2026-01-31,Bakery,52,10,460.78,368.62,20,1.98,1.6504,6,26,29.85
2026-02-01,Produce,45,1,187.31,140.48,25,1.9566,1.5958,0,11,3.92
2026-02-02,Dairy,53,24,262.87,210.3,20,0.8608,2.016,1,30,53
2026-02-03,Dairy,60,16,67.51,50.63,25,0.9286,1.6048,2,28,29.39
2026-02-04,Produce,43,9,158.38,110.87,30,2.3767,1.5412,3,3,37.58
2026-02-05,Dairy,14,1,69.04,44.88,35,1.7947,1.3481,4,18,3.47
2026-02-06,Seafood,31,5,485.12,315.33,35,1.0096,0.6099,5,6,9.58
2026-02-07,Produce,59,28,378.28,302.62,20,2.3608,1.4299,6,20,59
2026-02-08,Deli,10,22,472.59,330.81,30,1.5106,0.767,0,9,10
2026-02-09,Deli,80,1,297.45,193.34,35,1.2998,0.8793,1,4,0.64
2026-02-10,Meat,11,4,114.76,86.07,25,1.4986,0.666,2,29,9.33
2026-02-11,Meat,35,21,291.94,233.55,20,1.007,1.6821,3,29,31.46
2026-02-12,Grocery,4,2,353.24,300.25,15,1.2977,0.361,4,13,2.47
2026-02-13,Produce,42,4,410.37,287.26,30,2.8997,1.9736,5,15,29.46
2026-02-14,Grocery,45,19,164.5,148.05,10,1.5799,0.9403,6,14,27.69
2026-02-15,Seafood,19,14,250.46,212.89,15,0.973,0.194,0,6,13.35
2026-02-16,Grocery,11,30,332.97,199.78,40,1.084,1.2461,1,25,11
2026-02-17,Seafood,77,11,112.46,78.72,30,0.6348,0.6721,2,25,9.25
2026-02-18,Dairy,32,18,416.07,270.45,35,1.3482,2.2189,3,24,32
2026-02-19,Produce,8,28,50.18,30.11,40,1.3112,2.7623,4,6,8
2026-02-20,Dairy,39,22,327.22,229.05,30,0.2733,1.8528,5,30,34.21
2026-02-21,Deli,75,28,168.32,126.24,25,0.8902,1.8852,6,12,59.73
2026-02-22,Dairy,34,21,173.86,121.7,30,1.638,0.7173,0,9,34
2026-02-23,Produce,64,7,105.27,63.16,40,1.0374,1.7257,1,24,16.46
2026-02-24,Grocery,74,19,84.23,67.38,20,1.1824,1.0489,2,23,33.58
2026-02-25,Grocery,63,23,70.53,63.48,10,0.7747,0.7906,3,26,24.63
2026-02-26,Produce,70,3,436.02,261.61,40,3.0164,1.7751,4,5,19.34
2026-02-27,Produce,3,30,256.63,230.97,10,1.8719,2.4646,5,5,3
2026-02-28,Deli,54,30,147.45,95.84,35,1.1596,1.0554,6,19,54
2026-03-01,Dairy,76,2,242.3,181.73,25,1.9186,1.8598,0,30,8.18
2026-03-02,Grocery,69,7,460.69,322.48,30,1.2197,0.9642,1,18,10.13
2026-03-03,Deli,66,18,242.78,242.78,0,1.2125,0.7472,2,6,20.09
2026-03-04,Produce,46,5,140.07,98.05,30,2.3715,1.8536,3,20,23.52
2026-03-05,Seafood,73,1,485.23,412.45,15,0.3924,0.6077,4,21,1.15
2026-03-06,Bakery,55,20,341.28,221.83,35,1.7508,1.4968,5,29,55
2026-03-07,Dairy,30,18,418.75,293.12,30,1.9887,1.0528,6,15,30
2026-03-08,Seafood,70,27,88.46,79.61,10,0.9018,0.8871,0,26,32.26
2026-03-09,Grocery,78,1,425.32,425.32,0,1.0462,0.4827,1,18,1.25
2026-03-10,Meat,10,25,275.67,179.19,35,1.6255,0.8489,2,21,10
2026-03-11,Dairy,7,6,261.89,261.89,0,1.8805,0.6473,3,19,7
2026-03-12,Dairy,67,9,153.88,130.8,15,1.1227,0.8903,4,17,14.01
2026-03-13,Seafood,25,14,317.45,222.21,30,0.914,1.1854,5,12,25
2026-03-14,Produce,37,28,410.74,266.98,35,1.8478,2.2931,6,11,37
2026-03-15,Bakery,79,25,267.17,240.45,10,1.9083,1.1226,0,18,53.76
2026-03-16,Grocery,47,19,26.66,26.66,0,1.109,1.2537,1,8,22.83
2026-03-17,Grocery,53,6,315.44,252.35,20,1.147,1.1447,2,26,10.23
2026-03-18,Grocery,35,22,189.02,132.31,30,1.2374,0.9373,3,27,35
2026-03-19,Bakery,36,15,393.39,393.39,0,1.8879,1.7573,4,5,29.72
2026-03-20,Grocery,46,17,94.65,80.45,15,0.9518,1.3003,5,13,25.83
2026-03-21,Produce,28,18,254.04,254.04,0,2.0478,2.994,6,29,28
2026-03-22,Seafood,29,29,214.73,139.57,35,0.7259,0.7909,0,9,29
2026-03-23,Deli,22,5,278.08,194.66,30,1.5382,1.1309,1,27,11.79
2026-03-24,Meat,62,8,91.41,73.13,20,0.8599,1.1035,2,6,9.88
2026-03-25,Bakery,32,8,365.79,365.79,0,2.5086,2.629,3,12,20.5
2026-03-26,Dairy,29,21,144.22,144.22,0,1.6611,1.969,4,27,29
2026-03-27,Dairy,18,22,325.32,260.26,20,1.8399,1.079,5,23,18
2026-03-28,Seafood,19,3,196.02,117.61,40,1.2419,0.6602,6,17,8.03
2026-03-29,Bakery,70,19,405.45,283.81,30,1.8559,1.8142,0,6,58.35
2026-03-30,Grocery,76,14,337.89,337.89,0,1.3995,0.7297,1,25,15.32
2026-03-31,Deli,41,10,370.76,315.15,15,1.4646,1.544,2,25,22.54
2026-04-01,Meat,31,26,245.19,208.41,15,1.0126,1.1324,3,29,31
2026-04-02,Grocery,80,7,228.62,160.03,30,1.1889,0.8259,4,7,13.43
2026-04-03,Meat,30,18,326.94,326.94,0,1.1772,1.4585,5,24,28.66
2026-04-04,Produce,30,17,346.92,312.23,10,1.5789,1.9551,6,8,30
2026-04-05,Bakery,68,20,202.71,131.76,35,2.8978,1.5832,0,26,68
2026-04-06,Bakery,45,5,30.55,19.86,35,0.8639,0.7104,1,23,10.44
2026-04-07,Meat,7,13,216.55,129.93,40,1.1543,1.3735,2,12,7
2026-04-08,Seafood,76,19,347.31,225.75,35,0.9692,0.9074,3,14,38.01
2026-04-09,Produce,14,20,448.02,448.02,0,2.0749,2.5381,4,15,14
2026-04-10,Dairy,16,5,179.5,116.67,35,2.4609,1.5339,5,12,16
2026-04-11,Dairy,56,19,133.23,99.92,25,0.6219,0.8357,6,21,22.24
2026-04-12,Deli,39,11,222.01,144.31,35,1.473,1.2939,0,9,23.84
2026-04-13,Bakery,10,16,268.94,215.15,20,2.1518,1.8601,1,7,10
2026-04-14,Produce,62,26,471.51,306.48,35,1.9003,1.7989,2,26,62
2026-04-15,Dairy,52,12,336.99,202.19,40,1.7293,2.1746,3,9,52
2026-04-16,Deli,67,30,239.71,191.77,20,2.1367,1.0922,4,24,67
2026-04-17,Grocery,15,1,300.62,300.62,0,0.7633,0.8462,5,26,0.31
2026-04-18,Bakery,59,24,123.74,105.18,15,1.723,1.4066,6,27,59
2026-04-19,Grocery,74,25,446.12,356.9,20,0.7847,0.6904,0,11,22.18
2026-04-20,Bakery,58,16,402.61,402.61,0,1.2165,1.2876,1,16,18.11
2026-04-21,Deli,49,30,328.29,295.46,10,1.5883,1.2304,2,11,49
2026-04-22,Grocery,76,14,421.81,316.36,25,1.0152,1.4567,3,25,22.22
2026-04-23,Dairy,59,18,389.85,389.85,0,1.4664,0.7099,4,19,28.31
2026-04-24,Meat,45,1,209.77,146.84,30,0.9838,1.2233,5,9,1.95
2026-04-25,Grocery,41,18,376.57,225.94,40,1.3616,1.1983,6,17,41
2026-04-26,Deli,36,8,193.51,125.78,35,0.7039,0.7006,0,19,9.94
2026-04-27,Bakery,23,13,379.78,379.78,0,1.9127,1.9326,1,29,23
2026-04-28,Produce,38,13,211.81,180.04,15,1.2262,1.9594,2,27,31.03
2026-04-29,Seafood,48,8,144.29,93.79,35,0.7374,0.8054,3,24,13.96
2026-04-30,Deli,7,13,415.71,249.43,40,1.7039,1.6025,4,4,7
2026-05-01,Dairy,42,11,224.31,168.23,25,1.4856,1.5113,5,9,31.3
2026-05-02,Grocery,36,13,234.62,140.77,40,1.5998,0.3981,6,6,33.75
2026-05-03,Produce,13,24,227.36,193.26,15,2.5641,2.9856,0,26,13
2026-05-04,Meat,54,27,356.91,249.84,30,1.2772,0.7791,1,19,52.45
2026-05-05,Produce,11,30,328.27,328.27,0,3.2682,2.2967,2,10,11
2026-05-06,Dairy,50,7,87.24,56.71,35,1.9437,1.3541,3,3,21.53
2026-05-07,Bakery,31,27,269.92,188.94,30,1.7947,0.8791,4,28,31
2026-05-08,Seafood,27,16,400.16,400.16,0,0.9678,1.3339,5,3,22.77
2026-05-09,Bakery,40,6,410.06,246.04,40,2.4521,2.1782,6,15,37.1
2026-05-10,Produce,14,30,308.93,278.04,10,1.5259,2.2248,0,28,14
2026-05-11,Produce,7,12,441.62,309.13,30,2.2268,2.1844,1,10,7
2026-05-12,Seafood,76,30,220.6,132.36,40,0.3698,1.1508,2,24,37.01
2026-05-13,Grocery,64,3,28.7,28.7,0,0.6984,0.6794,3,25,3.01
2026-05-14,Dairy,74,25,455.91,319.14,30,2.3192,2.5015,4,25,74
2026-05-15,Bakery,57,20,64.77,51.82,20,1.8914,2.0866,5,14,57
2026-05-16,Dairy,8,5,292.21,219.16,25,1.0762,1.6424,6,29,8
2026-05-17,Dairy,12,16,469.43,281.66,40,0.8622,1.5137,0,17,12
2026-05-18,Deli,3,18,209.61,188.65,10,1.398,1.9324,1,8,3
2026-05-19,Grocery,19,26,367.39,293.91,20,1.9815,0.5156,2,5,19
2026-05-20,Grocery,65,11,345.04,293.28,15,0.6402,1.2936,3,4,13.59
2026-05-21,Seafood,11,21,282.47,254.22,10,0.8168,0.7755,4,10,11
2026-05-22,Seafood,80,22,464.93,371.94,20,0.5052,1.1228,5,21,26.63
2026-05-23,Seafood,68,24,390.27,331.73,15,1.4164,1.0739,6,29,44.73
2026-05-24,Produce,79,11,229.48,206.53,10,3.2178,2.7018,0,25,36.5
2026-05-25,Grocery,16,21,296.09,192.46,35,1.0704,0.9273,1,8,16
2026-05-26,Bakery,21,3,383.4,306.72,20,1.9532,1.8155,2,6,9.47
2026-05-27,Grocery,38,26,393.59,393.59,0,0.9884,1.4974,3,20,31.41
2026-05-28,Produce,66,3,455.84,341.88,25,0.7461,3.0059,4,29,9.84
2026-05-29,Dairy,57,9,292.86,219.65,25,1.296,2.4014,5,21,32.04
2026-05-30,Produce,45,26,418.6,418.6,0,2.1327,1.7266,6,17,45
2026-05-31,Deli,53,11,230.29,184.23,20,0.9598,0.7302,0,23,15.59
2026-06-01,Bakery,36,16,92.29,69.22,25,1.5018,2.0646,1,22,36
2026-06-02,Produce,40,1,319.64,191.78,40,4.1471,1.1328,2,13,6.63
2026-06-03,Seafood,71,7,161.64,105.07,35,1.0172,0.9064,3,22,10.25
2026-06-04,Seafood,27,12,46.33,30.11,35,1.6621,0.6326,4,23,27
2026-06-05,Grocery,63,4,494.88,321.67,35,1.0124,1.2032,5,3,7.77
2026-06-06,Dairy,52,26,86.5,51.9,40,1.7131,1.4498,6,27,52
2026-06-07,Produce,54,18,231.81,185.45,20,1.3085,1.7382,0,11,45.17
2026-06-08,Seafood,73,13,307.39,199.8,35,0.8039,0.9088,1,29,18.39
2026-06-09,Grocery,65,24,415.22,311.42,25,1.2078,1.1039,2,14,44.21
